date,cases_total,cases_new,cases_new_7davg,cases_new_per100k_7davg,cases_doublingtime,deaths_total,deaths_new,deaths_new_7davg,deaths_new_per100k_7davg,deaths_doublingtime,cfr,cases_epi_total,cases_epi_total_percent,cases_epi_new,cases_epi_new_percent_7davg,cases_active,cases_active_change,cases_active_duration,recovered_total,recovered_new,inactive_recovered_total,inactive_recovered_new,quarantined,days_ago
2020-03-13,1,1,,,,,,,,,,,,,,,,,,,,,,584
2020-03-14,1,0,,,,,,,,,,,,,,,,,,,,,,583
2020-03-15,1,0,,,,,,,,,,,,,,,,,,,,,,582
2020-03-16,1,0,,,,,,,,,,,,,,,,,,,,,,581
2020-03-17,1,0,,,,,,,,,,,,,,,,,,,,,,580
2020-03-18,3,2,,,,,,,,,,,,,,,,,,,,,,579
2020-03-19,5,2,0.7,0.2,,,,,,,,,,,,,,,,,,,,578
2020-03-20,8,3,1.0,0.3,2.3,,,,,,,,,,,,,,,,,,,577
2020-03-21,8,0,1.0,0.3,2.3,,,,,,,,,,,,,,,,,,,576
2020-03-22,8,0,1.0,0.3,2.3,,,,,,,,,,,,,,,,,,,575
2020-03-23,8,0,1.0,0.3,2.3,,,,,,,,,,,,,,,,,,,574
2020-03-24,15,7,2.0,0.5,1.8,,,,,,,,,,,,,,,,,,,573
2020-03-25,26,11,3.3,0.9,2.2,1,1,,,,,,,,,,,,,,,,,572
2020-03-26,30,4,3.6,1.0,2.7,1,0,,,,11.11%,,,,,21,,3,8,,,,132,571
2020-03-27,32,2,3.4,0.9,3.5,1,0,,,,6.25%,,,,,16,-5,3,15,7,,,177,570
2020-03-28,34,2,3.7,1.0,3.4,1,0,,,,,,,,,,,,,,,,,569
2020-03-29,37,3,4.1,1.1,3.2,1,0,,,,,,,,,,,,,,,,,568
2020-03-30,39,2,4.4,1.2,3.1,2,1,,,,8.33%,,,,,15,,6,22,7,,,209,567
2020-03-31,50,11,5.0,1.4,4.0,3,1,0.43,0.12,,10.34%,,,,,21,6,6,26,4,,,223,566
2020-04-01,51,1,3.6,1.0,7.2,3,0,0.29,0.08,4.4,9.38%,,,,,19,-2,5,29,3,,,231,565
2020-04-02,63,12,4.7,1.3,6.5,5,2,0.57,0.16,3.0,,,,,,,,,,,,,,564
2020-04-03,68,5,5.1,1.4,6.4,8,3,1.00,0.27,2.3,18.18%,,,,,24,,4,36,7,,,254,563
2020-04-04,71,3,5.3,1.4,6.6,8,0,1.00,0.27,2.3,,,,,,,,,,,,,,562
2020-04-05,79,8,6.0,1.6,6.4,9,1,1.14,0.31,2.2,,,,,,,,,,,,,,561
2020-04-06,85,6,6.6,1.8,6.2,9,0,1.00,0.27,3.2,19.15%,,,,,38,,7,38,2,,,297,560
2020-04-07,94,9,6.3,1.7,7.7,9,0,0.86,0.23,4.4,15.52%,29,30.85%,29,,36,-2,6,49,11,,,293,559
2020-04-08,97,3,6.6,1.8,7.5,9,0,0.86,0.23,4.4,15.00%,31,31.96%,2,,37,1,7,51,2,,,300,558
2020-04-09,98,1,5.0,1.4,11.0,10,1,0.71,0.19,7.0,14.29%,31,31.63%,0,,28,-9,6,60,9,,,302,557
2020-04-10,101,3,4.7,1.3,12.3,10,0,0.29,0.08,21.7,,,,,,,,,,,,,,556
2020-04-11,102,1,4.4,1.2,13.4,10,0,0.29,0.08,21.7,,,,,,,,,,,,,,555
2020-04-12,105,3,3.7,1.0,17.1,10,0,0.14,0.04,46.1,,,,,,,,,,,,,,554
2020-04-13,107,2,3.1,0.9,21.1,11,1,0.29,0.08,24.2,14.67%,32,29.91%,1,,32,,9,64,4,,,302,553
2020-04-14,109,2,2.1,0.6,32.8,12,1,0.43,0.12,16.9,14.29%,32,29.36%,0,20.00%,25,-7,9,72,8,,,315,552
2020-04-15,110,1,1.9,0.5,38.6,12,0,0.43,0.12,16.9,14.29%,32,29.09%,0,7.69%,26,1,10,72,0,,,315,551
2020-04-16,112,2,2.0,0.5,36.3,12,0,0.29,0.08,26.6,13.64%,32,28.57%,0,7.14%,24,-2,10,76,4,,,316,550
2020-04-17,115,3,2.0,0.5,37.4,12,0,0.29,0.08,26.6,13.48%,32,27.83%,0,7.14%,26,2,11,77,1,,,320,549
2020-04-18,116,1,2.0,0.5,37.7,13,1,0.43,0.12,18.5,,,,,,,,,,,,,,548
2020-04-19,118,2,1.9,0.5,41.6,13,0,0.43,0.12,18.5,,,,,,,,,,,,,,547
2020-04-20,121,3,2.0,0.5,39.5,13,0,0.29,0.08,29.0,12.75%,40,33.06%,8,57.14%,19,,9,89,12,,,333,546
2020-04-21,124,3,2.1,0.6,37.6,13,0,0.14,0.04,60.6,11.82%,42,33.87%,2,66.67%,14,-5,6,97,8,,,335,545
2020-04-22,128,4,2.6,0.7,32.0,13,0,0.14,0.04,60.6,11.61%,46,35.94%,4,77.78%,16,2,6,99,2,,,335,544
2020-04-23,134,6,3.1,0.9,27.1,13,0,0.14,0.04,60.6,11.30%,50,37.31%,4,81.82%,19,3,6,102,3,,,335,543
2020-04-24,141,7,3.7,1.0,23.8,13,0,0.14,0.04,60.6,11.11%,56,39.72%,6,92.31%,24,5,6,104,2,,,345,542
2020-04-25,141,0,3.6,1.0,24.9,13,0,0.00,0.00,,,,,,,,,,,,,,,541
2020-04-26,142,1,3.4,0.9,26.2,13,0,0.00,0.00,,,,,,,,,,,,,,,540
2020-04-27,149,7,4.0,1.1,23.3,13,0,0.00,0.00,,10.16%,60,40.27%,4,71.43%,21,,5,115,11,,,354,539
2020-04-28,152,3,4.0,1.1,23.8,13,0,0.00,0.00,,9.85%,62,40.79%,2,71.43%,20,-1,6,119,4,,,358,538
2020-04-29,154,2,3.7,1.0,26.2,13,0,0.00,0.00,,9.70%,64,41.56%,2,69.23%,20,0,6,121,2,,,358,537
2020-04-30,158,4,3.4,0.9,29.4,13,0,0.00,0.00,,9.49%,64,40.51%,0,58.33%,21,1,7,124,3,,,358,536
2020-05-01,163,5,3.1,0.9,33.5,13,0,0.00,0.00,,9.35%,66,40.49%,2,45.45%,24,3,8,126,2,,,377,535
2020-05-02,175,12,4.9,1.3,22.5,13,0,0.00,0.00,,,,,,,,,,,,,,,534
2020-05-03,181,6,5.6,1.5,20.0,13,0,0.00,0.00,,,,,,,,,,,,,,,533
2020-05-04,182,1,4.7,1.3,24.3,13,0,0.00,0.00,,8.61%,80,43.96%,14,60.61%,31,,7,138,12,,,384,532
2020-05-05,192,10,5.7,1.6,20.8,13,0,0.00,0.00,,8.33%,81,42.19%,1,47.50%,36,5,6,143,5,,,384,531
2020-05-06,213,21,8.4,2.3,15.0,13,0,0.00,0.00,,8.23%,96,45.07%,15,54.24%,55,19,6,145,2,,,384,530
2020-05-07,234,21,10.9,3.0,12.4,13,0,0.00,0.00,,7.51%,116,49.57%,20,68.42%,61,6,6,160,15,,,417,529
2020-05-08,240,6,11.0,3.0,12.5,13,0,0.00,0.00,,7.34%,118,49.17%,2,67.53%,63,2,6,164,4,,,417,528
2020-05-09,241,1,9.4,2.6,15.2,13,0,0.00,0.00,,,,,,,,,,,,,,,527
2020-05-10,255,14,10.6,2.9,14.2,13,0,0.00,0.00,,,,,,,,,,,,,,,526
2020-05-11,256,1,10.6,2.9,14.2,13,0,0.00,0.00,,6.84%,129,50.39%,11,66.22%,66,,7,177,13,,,420,525
2020-05-12,269,13,11.0,3.0,14.4,13,0,0.00,0.00,,6.67%,132,49.07%,3,66.23%,74,8,7,182,5,,,435,524
2020-05-13,310,41,13.9,3.8,12.9,13,0,0.00,0.00,,6.63%,134,43.23%,2,39.18%,114,40,8,183,1,,,439,523
2020-05-14,326,16,13.1,3.6,14.6,13,0,0.00,0.00,,6.25%,169,51.84%,35,57.61%,118,4,9,195,12,,,448,522
2020-05-15,342,16,14.6,4.0,13.7,13,0,0.00,0.00,,5.70%,193,56.43%,24,73.53%,114,-4,9,215,20,,,448,521
2020-05-16,354,12,16.1,4.4,12.6,13,0,0.00,0.00,,,,,,,,,,,,,,,520
2020-05-17,368,14,16.1,4.4,13.2,13,0,0.00,0.00,,,,,,,,,,,,,,,519
2020-05-18,376,8,17.1,4.7,12.6,13,0,0.00,0.00,,5.06%,206,54.79%,13,64.17%,119,,7,244,29,,,486,518
2020-05-19,404,28,19.3,5.2,11.9,13,0,0.00,0.00,,4.69%,220,54.46%,14,65.19%,127,8,7,264,20,,,489,517
2020-05-20,447,43,19.6,5.3,13.3,13,0,0.00,0.00,,4.51%,232,51.90%,12,71.53%,159,32,8,275,11,,,497,516
2020-05-21,487,40,23.0,6.3,12.1,13,0,0.00,0.00,,4.25%,257,52.77%,25,54.66%,181,22,9,293,18,,,503,515
2020-05-22,531,44,27.0,7.3,11.0,13,0,0.00,0.00,,4.00%,290,54.61%,33,51.32%,206,25,9,312,19,,,508,514
2020-05-23,566,35,30.3,8.2,10.3,13,0,0.00,0.00,,,,,,,,,,,,,,,513
2020-05-24,640,74,38.9,10.6,8.8,13,0,0.00,0.00,,,,,,,,,,,,,,,512
2020-05-25,694,54,45.4,12.4,7.9,14,1,0.14,0.04,65.5,,,,,,,,,,,,,,511
2020-05-26,717,23,44.7,12.2,8.5,15,1,0.29,0.08,33.9,3.86%,402,56.07%,112,58.15%,328,,8,374,62,,,535,510
2020-05-27,772,55,46.4,12.6,8.9,15,0,0.29,0.08,33.9,3.46%,422,54.66%,20,58.46%,338,10,8,419,45,,,,509
2020-05-28,843,71,50.9,13.8,8.8,15,0,0.29,0.08,33.9,3.39%,434,51.48%,12,49.72%,401,63,9,427,8,,,602,508
2020-05-29,939,96,58.3,15.8,8.5,15,0,0.29,0.08,33.9,3.25%,477,50.80%,43,45.83%,478,77,9,446,19,,,602,507
2020-05-30,999,60,61.9,16.8,8.5,15,0,0.29,0.08,33.9,,,,,,,,,,,,,,506
2020-05-31,"1,083",84,63.3,17.2,9.2,15,0,0.29,0.08,33.9,,,,,,,,,,,,,,505
2020-06-01,"1,132",49,62.6,17.0,9.9,15,0,0.14,0.04,70.3,2.88%,540,47.70%,63,57.08%,611,,11,506,60,,,636,504
2020-06-02,"1,178",46,65.9,17.9,9.8,17,2,0.29,0.08,38.8,3.14%,564,47.88%,24,35.14%,637,26,11,524,18,,,646,503
2020-06-03,"1,219",41,63.9,17.4,10.6,18,1,0.43,0.12,26.6,3.21%,576,47.25%,12,34.45%,659,22,12,542,18,,,652,502
2020-06-04,"1,275",56,61.7,16.8,11.7,19,1,0.57,0.16,20.5,3.26%,608,47.69%,32,40.28%,692,33,12,564,22,,,662,501
2020-06-05,"1,381",106,63.1,17.2,12.6,19,0,0.57,0.16,20.5,3.23%,621,44.97%,13,32.58%,793,101,13,569,5,,,,500
2020-06-06,"1,423",42,60.6,16.5,13.7,19,0,0.57,0.16,20.5,,,,,,,,,,,,,,499
2020-06-07,"1,458",35,53.6,14.6,16.3,19,0,0.57,0.16,20.5,,,,,,,,,,,,,,498
2020-06-08,"1,486",28,50.6,13.7,17.8,19,0,0.57,0.16,20.5,3.18%,632,42.53%,11,25.99%,889,,16,578,9,,,,497
2020-06-09,"1,556",70,54.0,14.7,17.4,19,0,0.29,0.08,43.6,3.03%,679,43.64%,47,30.42%,929,40,17,608,30,,,,496
2020-06-10,"1,645",89,60.9,16.5,16.2,19,0,0.14,0.04,89.7,3.03%,679,41.28%,0,24.18%,"1,018",89,18,608,0,,,,495
2020-06-11,"1,692",47,59.6,16.2,17.1,19,0,0.00,0.00,,3.00%,693,40.96%,14,20.38%,"1,058",40,19,615,7,,,,494
2020-06-12,"1,751",59,52.9,14.4,20.4,19,0,0.00,0.00,,2.14%,744,42.49%,51,33.24%,864,-194,15,868,253,,,,493
2020-06-13,"1,788",37,52.1,14.2,21.3,20,1,0.14,0.04,94.6,,,,,,,,,,,,,,492
2020-06-14,"1,842",54,54.9,14.9,20.8,20,0,0.14,0.04,94.6,,,,,,,,,,,,,,491
2020-06-15,"1,889",47,57.6,15.7,20.2,22,2,0.43,0.12,33.1,2.36%,842,44.57%,98,52.11%,955,,18,912,44,,,,490
2020-06-16,"1,941",52,55.0,15.0,21.9,22,0,0.43,0.12,33.1,2.30%,929,47.86%,87,64.94%,983,28,18,936,24,,,,489
2020-06-17,"1,988",47,49.0,13.3,25.6,24,2,0.71,0.19,20.8,2.49%,934,46.98%,5,74.34%,"1,026",43,19,938,2,,,,488
2020-06-18,"2,065",77,53.3,14.5,24.4,25,1,0.86,0.23,17.7,2.59%,935,45.28%,1,64.88%,"1,101",75,20,939,1,,,,487
2020-06-19,"2,102",37,50.1,13.6,26.6,25,0,0.86,0.23,17.7,,,,,,,,,,,,,,486
2020-06-20,"2,121",19,47.6,12.9,28.4,25,0,0.71,0.19,21.7,,,,,,,,,,,,,,485
2020-06-21,"2,138",17,42.3,11.5,32.6,26,1,0.86,0.23,18.5,,,,,,,,,,,,,,484
2020-06-22,"2,174",36,40.7,11.1,34.5,28,2,0.86,0.23,20.1,2.90%,936,43.05%,1,32.98%,"1,207",,24,939,0,,,,483
2020-06-23,"2,209",35,38.3,10.4,37.5,29,1,1.00,0.27,17.6,2.90%,969,43.87%,33,14.93%,"1,210",3,24,970,31,,,,482
2020-06-24,"2,277",68,41.3,11.2,35.7,29,0,0.71,0.19,25.6,2.88%,975,42.82%,6,14.19%,"1,271",61,25,977,7,,,,481
2020-06-25,"2,322",45,36.7,10.0,41.4,29,0,0.57,0.16,32.7,2.81%,988,42.55%,13,20.62%,"1,289",18,26,"1,004",27,,,,480
2020-06-26,"2,356",34,36.3,9.9,42.5,29,0,0.57,0.16,32.7,2.74%,"1,044",44.31%,56,42.91%,"1,298",9,27,"1,029",25,,,,479
2020-06-27,"2,423",67,43.1,11.7,36.4,29,0,0.57,0.16,32.7,,,,,,,,,,,,,,478
2020-06-28,"2,445",22,43.9,11.9,36.2,29,0,0.43,0.12,44.4,,,,,,,,,,,,,,477
2020-06-29,"2,469",24,42.1,11.5,38.1,29,0,0.14,0.04,138.3,1.85%,"1,050",42.53%,6,38.64%,902,,20,"1,538",509,,,,476
2020-06-30,"2,525",56,45.1,12.3,36.3,30,1,0.14,0.04,143.1,1.92%,"1,050",41.58%,0,25.63%,960,58,21,"1,535",-3,,,,475
2020-07-01,"2,643",118,52.3,14.2,32.6,30,0,0.14,0.04,143.1,1.92%,"1,051",39.77%,1,20.77%,"1,078",118,22,"1,535",0,,,,474
2020-07-02,"2,704",61,54.6,14.8,31.9,30,0,0.14,0.04,143.1,1.92%,"1,051",38.87%,0,16.49%,"1,139",61,23,"1,535",0,,,,473
2020-07-03,"2,782",78,60.9,16.5,29.2,33,3,0.57,0.16,37.6,,,,,,,,,,,,,,472
2020-07-04,"2,818",36,56.4,15.3,32.1,35,2,0.86,0.23,25.8,,,,,,,,,,,,,,471
2020-07-05,"2,871",53,60.9,16.5,30.2,35,0,0.86,0.23,25.8,,,,,,,,,,,,,,470
2020-07-06,"2,909",38,62.9,17.1,29.6,35,0,0.86,0.23,25.8,1.78%,"1,069",36.75%,18,4.32%,941,,20,"1,933",398,,,,469
2020-07-07,"2,982",73,65.3,17.8,29.2,36,1,0.86,0.23,26.6,1.75%,"1,081",36.25%,12,6.78%,927,-14,20,"2,019",86,,,,468
2020-07-08,"3,076",94,61.9,16.8,32.0,36,0,0.86,0.23,26.6,1.69%,"1,136",36.93%,55,19.63%,947,20,18,"2,093",74,,,,467
2020-07-09,"3,180",104,68.0,18.5,29.9,36,0,0.86,0.23,26.6,1.69%,"1,152",36.23%,16,21.22%,"1,048",101,19,"2,096",3,,,,466
2020-07-10,"3,255",75,67.6,18.4,30.9,37,1,0.57,0.16,42.4,1.73%,"1,153",35.42%,1,21.56%,"1,122",74,20,"2,096",0,,,,465
2020-07-11,"3,361",106,77.6,21.1,27.5,38,1,0.43,0.12,59.0,,,,,,,,,,,,,,464
2020-07-12,"3,457",96,83.7,22.8,26.1,38,0,0.43,0.12,59.0,,,,,,,,,,,,,,463
2020-07-13,"3,509",52,85.7,23.3,25.9,38,0,0.43,0.12,59.0,1.73%,"1,163",33.14%,10,15.67%,"1,309",,21,"2,162",66,,,,462
2020-07-14,"3,684",175,100.3,27.3,23.0,38,0,0.29,0.08,89.7,1.67%,"1,165",31.62%,2,11.97%,"1,408",99,21,"2,238",76,,,,461
2020-07-15,"3,798",114,103.1,28.0,23.0,39,1,0.43,0.12,60.6,1.60%,"1,244",32.75%,79,14.96%,"1,360",-48,18,"2,399",161,,,,460
2020-07-16,"3,939",141,108.4,29.5,22.7,39,0,0.43,0.12,60.6,1.58%,"1,388",35.24%,144,31.09%,"1,464",104,17,"2,436",37,,,,459
2020-07-17,"4,043",104,112.6,30.6,22.4,40,1,0.43,0.12,62.2,1.56%,"1,438",35.57%,50,36.17%,"1,481",17,17,"2,522",86,,,,458
2020-07-18,"4,160",117,114.1,31.0,22.7,40,0,0.29,0.08,94.6,,,,,,,,,,,,,,457
2020-07-19,"4,262",102,115.0,31.3,23.2,40,0,0.29,0.08,94.6,,,,,,,,,,,,,,456
2020-07-20,"4,360",98,121.6,33.1,22.3,40,0,0.29,0.08,94.6,1.51%,"1,554",35.64%,116,45.95%,"1,712",,19,"2,608",86,,,,455
2020-07-21,"4,461",101,111.0,30.2,25.4,41,1,0.43,0.12,63.9,1.43%,"1,650",36.99%,96,62.42%,"1,588",-124,16,"2,832",224,,,,454
2020-07-22,"4,539",78,105.9,28.8,27.2,41,0,0.29,0.08,97.0,1.40%,"1,736",38.25%,86,66.40%,"1,611",23,16,"2,887",55,,,,453
2020-07-23,"4,610",71,95.9,26.1,30.8,41,0,0.29,0.08,97.0,1.32%,"1,810",39.26%,74,62.89%,"1,515",-96,15,"3,054",167,,,,452
2020-07-24,"4,721",111,96.9,26.3,31.3,42,1,0.29,0.08,99.4,1.34%,"1,878",39.78%,68,64.90%,"1,586",71,16,"3,093",39,,,,451
2020-07-25,"4,870",149,101.4,27.6,30.8,44,2,0.57,0.16,50.9,,,,,,,,,,,,,,450
2020-07-26,"4,985",115,103.3,28.1,31.0,45,1,0.71,0.19,41.2,,,,,,,,,,,,,,449
2020-07-27,"5,062",77,100.3,27.3,32.5,45,0,0.71,0.19,41.2,1.40%,"2,044",40.38%,166,69.80%,"1,838",,18,"3,179",86,,,,448
2020-07-28,"5,203",141,106.0,28.8,31.5,46,1,0.71,0.19,42.2,1.24%,"2,109",40.53%,65,61.86%,"1,482",-356,14,"3,675",496,,,,447
2020-07-29,"5,292",89,107.6,29.2,31.6,46,0,0.71,0.19,42.2,1.23%,"2,183",41.25%,74,59.36%,"1,537",55,15,"3,709",34,,,,446
2020-07-30,"5,360",68,107.1,29.1,32.2,47,1,0.86,0.23,35.5,1.20%,"2,213",41.29%,30,53.73%,"1,456",-81,15,"3,857",148,,,,445
2020-07-31,"5,435",75,102.0,27.7,34.5,48,1,0.86,0.23,36.3,1.19%,"2,261",41.60%,48,53.64%,"1,411",-45,15,"3,976",119,,,,444
2020-08-01,"5,511",76,91.6,24.9,39.2,48,0,0.57,0.16,55.8,,,,,,,,,,,,,,443
2020-08-02,"5,573",62,84.0,22.8,43.5,48,0,0.43,0.12,75.2,,,,,,,,,,,,,,442
2020-08-03,"5,617",44,79.3,21.6,46.6,48,0,0.43,0.12,75.2,1.15%,"2,377",42.32%,116,60.00%,"1,461",,17,"4,108",132,,,,441
2020-08-04,"5,669",52,66.6,18.1,56.6,48,0,0.29,0.08,114.0,1.14%,"2,419",42.67%,42,66.52%,"1,466",5,17,"4,155",47,,,,440
2020-08-05,"5,749",80,65.3,17.8,58.6,49,1,0.43,0.12,76.8,1.06%,"2,467",42.91%,48,62.14%,"1,131",-335,13,"4,569",414,,,,439
2020-08-06,"5,833",84,67.6,18.4,57.4,50,1,0.43,0.12,78.4,1.08%,"2,520",43.20%,53,64.90%,"1,192",61,14,"4,591",22,,,,438
2020-08-07,"5,927",94,70.3,19.1,56.0,53,3,0.71,0.19,49.0,1.11%,"2,565",43.28%,45,61.79%,"1,173",-19,14,"4,701",110,,,,437
2020-08-08,"6,031",104,74.3,20.2,53.8,54,1,0.86,0.23,41.2,,,,,,,,,,,,,,436
2020-08-09,"6,109",78,76.6,20.8,52.8,54,0,0.86,0.23,41.2,,,,,,,,,,,,,,435
2020-08-10,"6,191",82,82.0,22.3,49.9,55,1,1.00,0.27,35.6,1.15%,"2,686",43.39%,121,53.83%,"1,398",,17,"4,738",37,,,,434
2020-08-11,"6,278",87,87.0,23.7,47.6,56,1,1.14,0.31,31.5,1.16%,"2,748",43.77%,62,54.02%,"1,459",61,18,"4,763",25,,,,433
2020-08-12,"6,380",102,90.1,24.5,46.6,56,0,1.00,0.27,36.3,1.10%,"2,811",44.06%,63,54.52%,"1,311",-148,16,"5,013",250,,,,432
2020-08-13,"6,501",121,95.4,25.9,44.8,59,3,1.29,0.35,29.3,1.14%,"2,891",44.47%,80,55.54%,"1,345",34,17,"5,097",84,,,,431
2020-08-14,"6,610",109,97.6,26.5,44.5,60,1,1.00,0.27,39.1,1.14%,"2,985",45.16%,94,61.49%,"1,330",-15,17,"5,220",123,,,,430
2020-08-15,"6,694",84,94.7,25.8,46.5,60,0,0.86,0.23,46.1,,,,,,,,,,,,,,429
2020-08-16,"6,768",74,94.1,25.6,47.4,61,1,1.00,0.27,39.8,,,,,,,,,,,,,,428
2020-08-17,"6,813",45,88.9,24.2,50.7,62,1,1.00,0.27,40.5,1.17%,"3,063",44.96%,78,60.61%,"1,510",,19,"5,241",21,,,,427
2020-08-18,"6,986",173,101.1,27.5,45.4,63,1,1.00,0.27,41.2,1.17%,"3,211",45.96%,148,65.40%,"1,585",75,19,"5,338",97,,,,426
2020-08-19,"7,085",99,100.7,27.4,46.3,63,0,1.00,0.27,41.2,1.16%,"3,265",46.08%,54,64.40%,"1,675",90,20,"5,347",9,,,,425
2020-08-20,"7,149",64,92.6,25.2,51.1,63,0,0.57,0.16,74.0,1.12%,"3,306",46.24%,41,64.04%,"1,519",-156,17,"5,567",220,,,,424
2020-08-21,"7,232",83,88.9,24.2,54.0,63,0,0.43,0.12,99.4,1.09%,"3,348",46.29%,42,58.36%,"1,431",-88,16,"5,738",171,,,,423
2020-08-22,"7,310",78,88.0,23.9,55.1,63,0,0.43,0.12,99.4,,,,,,,,,,,,,,422
2020-08-23,"7,360",50,84.6,23.0,57.9,63,0,0.29,0.08,150.4,,,,,,,,,,,,,,421
2020-08-24,"7,411",51,85.4,23.2,57.7,68,5,0.86,0.23,52.5,1.13%,"3,480",46.96%,132,69.73%,"1,367",,16,"5,976",238,,,,420
2020-08-25,"7,513",102,75.3,20.5,66.7,69,1,0.86,0.23,53.3,1.14%,"3,565",47.45%,85,67.17%,"1,444",77,17,"6,000",24,,,,419
2020-08-26,"7,597",84,73.1,19.9,69.5,69,0,0.86,0.23,53.3,1.14%,"3,617",47.61%,52,68.75%,"1,519",75,18,"6,009",9,,,,418
2020-08-27,"7,683",86,76.3,20.7,67.4,72,3,1.29,0.35,36.3,1.18%,"3,667",47.73%,50,67.60%,"1,602",83,19,"6,009",0,,,,417
2020-08-28,"7,794",111,80.3,21.8,64.8,74,2,1.57,0.43,30.1,1.20%,"3,756",48.19%,89,72.60%,"1,644",42,19,"6,076",67,,,,416
2020-08-29,"7,853",59,77.6,21.1,67.7,74,0,1.57,0.43,30.1,,,,,,,,,,,,,,415
2020-08-30,"7,890",37,75.7,20.6,69.8,74,0,1.57,0.43,30.1,,,,,,,,,,,,,,414
2020-08-31,"7,947",57,76.6,20.8,69.5,75,1,1.00,0.27,49.5,1.16%,"3,866",48.65%,110,72.01%,"1,502",,19,"6,370",294,,,,413
2020-09-01,"8,026",79,73.3,19.9,73.5,77,2,1.14,0.31,44.2,1.19%,"3,937",49.05%,71,72.51%,"1,573",71,20,"6,376",6,,,,412
2020-09-02,"8,113",87,73.7,20.0,73.8,78,1,1.29,0.35,39.6,1.21%,"3,984",49.11%,47,71.12%,"1,641",68,21,"6,394",18,,,,411
2020-09-03,"8,190",77,72.4,19.7,75.9,78,0,0.86,0.23,60.6,1.20%,"4,070",49.69%,86,79.49%,"1,701",60,22,"6,411",17,,,,410
2020-09-04,"8,271",81,68.1,18.5,81.7,78,0,0.57,0.16,92.2,1.06%,"4,135",49.99%,65,79.45%,901,-800,12,"7,292",881,,,,409
2020-09-05,"8,353",82,71.4,19.4,78.6,78,0,0.57,0.16,92.2,,,,,,,,,,,,,,408
2020-09-06,"8,394",41,72.0,19.6,78.4,78,0,0.57,0.16,92.2,,,,,,,,,,,,,,407
2020-09-07,"8,450",56,71.9,19.5,79.1,79,1,0.57,0.16,93.4,,,,,,,,,,,,,,406
2020-09-08,"8,479",29,64.7,17.6,88.4,79,0,0.29,0.08,189.2,1.05%,"4,271",50.37%,136,73.73%,983,,15,"7,417",125,,,,405
2020-09-09,"8,533",54,60.0,16.3,96.1,82,3,0.57,0.16,97.0,1.09%,"4,308",50.49%,37,77.14%,"1,011",28,15,"7,440",23,,,,404
2020-09-10,"8,625",92,62.1,16.9,93.8,83,1,0.71,0.19,78.1,1.10%,"4,360",50.55%,52,66.67%,"1,069",58,16,"7,473",33,,,,403
2020-09-11,"8,712",87,63.0,17.1,93.4,84,1,0.86,0.23,65.5,1.11%,"4,404",50.55%,44,61.00%,"1,133",64,17,"7,495",22,,,,402
2020-09-12,"8,769",57,59.4,16.2,99.8,85,1,1.00,0.27,56.5,,,,,,,,,,,,,,401
2020-09-13,"8,830",61,62.3,16.9,95.8,85,0,1.00,0.27,56.5,,,,,,,,,,,,,,400
2020-09-14,"8,901",71,64.4,17.5,93.3,87,2,1.14,0.31,50.3,1.14%,"4,646",52.20%,242,113.30%,"1,283",,19,"7,531",36,,,,399
2020-09-15,"8,967",66,69.7,19.0,86.7,87,0,1.14,0.31,50.3,1.13%,"4,694",52.35%,48,86.68%,"1,266",-17,19,"7,614",83,,,,398
2020-09-16,"9,007",40,67.7,18.4,89.8,88,1,0.86,0.23,68.7,1.14%,"4,751",52.75%,57,93.46%,"1,276",10,20,"7,643",29,,,,397
2020-09-17,"9,049",42,60.6,16.5,101.1,89,1,0.86,0.23,69.5,1.15%,"4,798",53.02%,47,103.30%,"1,285",9,21,"7,675",32,,,,396
2020-09-18,"9,119",70,58.1,15.8,106.3,91,2,1.00,0.27,60.6,1.16%,"4,850",53.19%,52,109.58%,"1,285",0,21,"7,743",68,,,,395
2020-09-19,"9,188",69,59.9,16.3,104.0,91,0,0.86,0.23,71.1,,,,,,,,,,,,,,394
2020-09-20,"9,241",53,58.7,16.0,106.6,91,0,0.86,0.23,71.1,,,,,,,,,,,,,,393
2020-09-21,"9,273",32,53.1,14.4,118.5,91,0,0.57,0.16,107.9,1.16%,"4,943",53.31%,93,79.84%,"1,428",,24,"7,754",11,,,,392
2020-09-22,"9,342",69,53.6,14.6,118.4,92,1,0.71,0.19,86.8,1.17%,"4,996",53.48%,53,80.53%,"1,487",59,24,"7,763",9,,,,391
2020-09-23,"9,387",45,54.3,14.8,117.4,92,0,0.57,0.16,109.2,1.17%,"5,034",53.63%,38,74.47%,"1,505",18,25,"7,790",27,,,,390
2020-09-24,"9,451",64,57.4,15.6,111.6,92,0,0.43,0.12,146.4,1.04%,"5,092",53.88%,58,73.13%,603,-902,11,,,"8,756",,,389
2020-09-25,"9,542",91,60.4,16.4,107.0,94,2,0.43,0.12,149.6,1.05%,"5,151",53.98%,59,71.16%,615,12,11,,,"8,833",77,,388
2020-09-26,"9,609",67,60.1,16.4,108.3,95,1,0.57,0.16,112.8,,,,,,,,,,,,,,387
2020-09-27,"9,658",49,59.6,16.2,109.9,95,0,0.57,0.16,112.8,,,,,,,,,,,,,,386
2020-09-28,"9,702",44,61.3,16.7,107.3,95,0,0.57,0.16,112.8,1.04%,"5,257",54.18%,106,73.19%,595,,11,,,"9,012",,,385
2020-09-29,"9,774",72,61.7,16.8,107.3,95,0,0.43,0.12,151.2,1.04%,"5,346",54.70%,89,81.02%,604,9,11,,,"9,075",63,,384
2020-09-30,"9,825",51,62.6,17.0,106.4,97,2,0.71,0.19,91.7,1.05%,"5,388",54.84%,42,80.82%,602,-2,11,,,"9,126",51,,383
2020-10-01,"9,878",53,61.0,16.6,109.8,97,0,0.71,0.19,91.7,1.05%,"5,435",55.02%,47,80.33%,610,8,11,,,"9,171",45,,382
2020-10-02,"9,936",58,56.3,15.3,119.9,98,1,0.57,0.16,116.4,1.05%,"5,501",55.36%,66,88.83%,619,9,11,,,"9,219",48,,381
2020-10-03,"10,029",93,60.0,16.3,113.4,98,0,0.43,0.12,156.1,,,,,,,,,,,,,,380
2020-10-04,"10,078",49,60.0,16.3,114.0,98,0,0.43,0.12,156.1,,,,,,,,,,,,,,379
2020-10-05,"10,153",75,64.4,17.5,106.8,98,0,0.43,0.12,156.1,1.03%,"5,606",55.22%,105,77.38%,678,,11,,,"9,377",,,378
2020-10-06,"10,237",84,66.1,18.0,104.8,99,1,0.57,0.16,117.6,1.04%,"5,663",55.32%,57,68.47%,703,25,12,,,"9,435",58,,377
2020-10-07,"10,330",93,72.1,19.6,96.8,99,0,0.29,0.08,237.7,1.03%,"5,745",55.61%,82,70.69%,731,28,12,,,"9,500",65,,376
2020-10-08,"10,414",84,76.6,20.8,91.8,101,2,0.57,0.16,120.1,1.05%,"5,784",55.54%,39,65.11%,750,19,11,,,"9,563",63,,375
2020-10-09,"10,499",85,80.4,21.9,88.0,101,0,0.43,0.12,160.9,1.04%,"5,821",55.44%,37,56.84%,805,55,12,,,"9,593",30,,374
2020-10-10,"10,603",104,82.0,22.3,87.2,101,0,0.43,0.12,160.9,,,,,,,,,,,,,,373
2020-10-11,"10,665",62,83.9,22.8,85.7,101,0,0.43,0.12,160.9,,,,,,,,,,,,,,372
2020-10-12,"10,753",88,85.7,23.3,84.5,101,0,0.43,0.12,160.9,1.02%,"5,901",54.88%,80,49.17%,861,,11,,,"9,791",,,371
2020-10-13,"10,813",60,82.3,22.4,88.6,102,1,0.43,0.12,162.5,1.02%,"5,950",55.03%,49,49.83%,806,-55,11,,,"9,905",114,,370
2020-10-14,"10,907",94,82.4,22.4,89.3,103,1,0.57,0.16,122.5,1.02%,"5,997",54.98%,47,43.67%,831,25,11,,,"9,973",68,,369
2020-10-15,"10,984",77,81.4,22.1,91.1,103,0,0.29,0.08,247.4,1.02%,"6,041",55.00%,44,45.09%,837,6,11,,,"10,044",71,,368
2020-10-16,"11,082",98,83.3,22.6,89.8,104,1,0.43,0.12,165.8,1.02%,"6,101",55.05%,60,48.03%,870,33,11,,,"10,108",64,,367
2020-10-17,"11,136",54,76.1,20.7,98.9,104,0,0.43,0.12,165.8,,,,,,,,,,,,,,366
2020-10-18,"11,204",68,77.0,20.9,98.4,105,1,0.57,0.16,124.9,,,,,,,,,,,,,,365
2020-10-19,"11,289",85,76.6,20.8,99.7,105,0,0.57,0.16,124.9,1.01%,"6,209",55.00%,108,57.46%,861,,11,,,"10,323",,,364
2020-10-20,"11,386",97,81.9,22.3,94.0,105,0,0.43,0.12,167.4,1.00%,"6,271",55.08%,62,56.02%,861,0,11,,,"10,420",97,,363
2020-10-21,"11,497",111,84.3,22.9,92.1,106,1,0.43,0.12,169.0,1.00%,"6,308",54.87%,37,52.71%,891,30,11,,,"10,500",80,,362
2020-10-22,"11,628",131,92.0,25.0,85.2,106,0,0.43,0.12,169.0,0.99%,"6,396",55.01%,88,55.12%,944,53,11,,,"10,578",78,,361
2020-10-23,"11,732",104,92.9,25.2,85.1,106,0,0.29,0.08,254.7,0.98%,"6,454",55.01%,58,54.31%,951,7,11,,,"10,675",97,,360
2020-10-24,"11,860",128,103.4,28.1,77.0,108,2,0.57,0.16,128.6,,,,,,,,,,,,,,359
2020-10-25,"11,969",109,109.3,29.7,73.5,108,0,0.43,0.12,172.2,,,,,,,,,,,,,,358
2020-10-26,"12,069",100,111.4,30.3,72.6,109,1,0.57,0.16,129.8,0.99%,"6,569",54.43%,115,46.15%,"1,079",,11,,,"10,882",,,357
2020-10-27,"12,202",133,116.6,31.7,70.1,110,1,0.71,0.19,104.3,0.99%,"6,612",54.19%,43,41.79%,"1,114",35,11,,,"10,978",96,,356
2020-10-28,"12,312",110,116.4,31.7,70.8,110,0,0.57,0.16,131.0,0.98%,"6,682",54.27%,70,45.89%,"1,128",14,11,,,"11,074",96,,355
2020-10-29,"12,446",134,116.9,31.8,71.4,111,1,0.71,0.19,105.3,0.98%,"6,749",54.23%,67,43.15%,"1,165",37,11,,,"11,170",96,,354
2020-10-30,"12,563",117,118.7,32.3,70.9,111,0,0.71,0.19,105.3,0.98%,"6,790",54.05%,41,40.43%,"1,209",44,11,,,"11,243",73,,353
2020-10-31,"12,656",93,113.7,30.9,74.7,111,0,0.43,0.12,177.1,,,,,,,,,,,,,,352
2020-11-01,"12,728",72,108.4,29.5,78.9,111,0,0.43,0.12,177.1,,,,,,,,,,,,,,351
2020-11-02,"12,820",92,107.3,29.2,80.4,111,0,0.29,0.08,266.9,0.96%,"6,917",53.95%,127,46.34%,"1,217",,12,,,"11,492",,,350
2020-11-03,"12,926",106,103.4,28.1,84.2,113,2,0.43,0.12,180.3,0.96%,"6,955",53.81%,38,47.38%,"1,204",-13,12,,,"11,609",117,,349
2020-11-04,"13,048",122,105.1,28.6,83.6,113,0,0.43,0.12,180.3,0.95%,"7,013",53.75%,58,44.97%,"1,207",3,12,,,"11,728",119,,348
2020-11-05,"13,213",165,109.6,29.8,81.1,114,1,0.43,0.12,181.9,0.95%,"7,088",53.64%,75,44.20%,"1,244",37,11,,,"11,855",127,,347
2020-11-06,"13,374",161,115.9,31.5,77.6,114,0,0.43,0.12,181.9,0.94%,"7,153",53.48%,65,44.76%,"1,256",12,11,,,"12,004",149,,346
2020-11-07,"13,510",136,122.0,33.2,74.3,117,3,0.86,0.23,92.2,,,,,,,,,,,,,,345
2020-11-08,"13,661",151,133.3,36.2,68.6,117,0,0.86,0.23,92.2,,,,,,,,,,,,,,344
2020-11-09,"13,744",83,132.0,35.9,69.7,117,0,0.86,0.23,92.2,0.94%,"7,276",52.94%,123,38.85%,"1,343",,12,,,"12,284",,,343
2020-11-10,"14,004",260,154.0,41.9,60.6,118,1,0.71,0.19,112.1,0.94%,"7,348",52.47%,72,36.46%,"1,475",132,12,,,"12,411",127,,342
2020-11-11,"14,217",213,167.0,45.4,56.5,119,1,0.86,0.23,93.8,0.94%,"7,418",52.18%,70,34.64%,"1,530",55,11,,,"12,568",157,,341
2020-11-12,"14,432",215,174.1,47.3,55.0,120,1,0.86,0.23,94.6,0.94%,"7,527",52.15%,109,36.01%,"1,614",84,11,,,"12,698",130,,340
2020-11-13,"14,635",203,180.1,49.0,53.8,122,2,1.14,0.31,71.5,0.94%,"7,604",51.96%,77,35.77%,"1,705",91,10,,,"12,807",109,,339
2020-11-14,"14,790",155,182.9,49.7,53.6,122,0,0.71,0.19,115.9,,,,,,,,,,,,,,338
2020-11-15,"14,948",158,183.9,50.0,53.9,123,1,0.86,0.23,97.0,,,,,,,,,,,,,,337
2020-11-16,"15,141",193,199.6,54.3,50.1,124,1,1.00,0.27,83.5,0.94%,"7,741",51.13%,137,33.29%,"1,906",,11,,,"13,111",,,336
2020-11-17,"15,351",210,192.4,52.3,52.8,126,2,1.14,0.31,74.0,0.94%,"7,819",50.93%,78,34.97%,"1,931",25,11,,,"13,294",183,,335
2020-11-18,"15,610",259,199.0,54.1,51.9,127,1,1.14,0.31,74.6,0.94%,"7,936",50.84%,117,37.19%,"2,035",104,11,,,"13,448",154,,334
2020-11-19,"15,938",328,215.1,58.5,48.9,129,2,1.29,0.35,67.1,0.94%,"8,076",50.67%,140,36.45%,"2,178",143,10,,,"13,631",183,,333
2020-11-20,"16,169",231,219.1,59.6,48.7,134,5,1.71,0.47,51.7,0.96%,"8,153",50.42%,77,35.79%,"2,208",30,11,,,"13,827",196,,332
2020-11-21,"16,331",162,220.1,59.9,49.0,134,0,1.71,0.47,51.7,,,,,,,,,,,,,,331
2020-11-22,"16,532",201,226.3,61.5,48.2,134,0,1.57,0.43,56.6,,,,,,,,,,,,,,330
2020-11-23,"16,681",149,220.0,59.8,50.1,135,1,1.57,0.43,57.1,0.93%,"8,306",49.79%,153,36.69%,"2,239",,11,,,"14,307",,,329
2020-11-24,"16,945",264,227.7,61.9,49.1,140,5,2.00,0.54,46.1,0.95%,"8,420",49.69%,114,37.70%,"2,186",-53,11,,,"14,619",312,,328
2020-11-25,"17,191",246,225.9,61.4,50.3,148,8,3.00,0.82,31.7,0.98%,"8,503",49.46%,83,35.86%,"2,146",-40,10,,,"14,897",278,,327
2020-11-26,"17,191",0,179.0,48.7,64.1,148,0,2.71,0.74,35.3,,,,,,,,,,,,,,326
2020-11-27,"17,191",0,146.0,39.7,79.2,148,0,2.00,0.54,48.8,,,,,,,,,,,,,,325
2020-11-28,"17,506",315,167.9,45.6,69.8,152,4,2.57,0.70,38.5,,,,,,,,,,,,,,324
2020-11-29,"17,826",320,184.9,50.3,64.4,153,1,2.71,0.74,36.6,,,,,,,,,,,,,,323
2020-11-30,"18,136",310,207.9,56.5,58.0,155,2,2.86,0.78,35.1,0.96%,"8,752",48.26%,249,30.65%,"2,037",,11,,,"15,944",,,322
2020-12-01,"18,602",466,236.7,64.4,52.0,158,3,2.57,0.70,40.1,0.96%,"8,873",47.70%,121,27.34%,"2,204",167,10,,,"16,240",296,,321
2020-12-02,"19,069",467,268.3,72.9,46.8,161,3,1.86,0.50,57.6,0.97%,"9,067",47.55%,194,30.03%,"2,419",215,10,,,"16,489",249,,320
2020-12-03,"19,501",432,330.0,89.7,38.5,164,3,2.29,0.62,47.3,0.97%,"9,213",47.24%,146,30.74%,"2,628",209,10,,,"16,709",220,,319
2020-12-04,"19,863",362,381.7,103.8,33.6,173,9,3.57,0.97,31.1,1.01%,"9,298",46.81%,85,29.75%,"2,771",143,10,,,"16,919",210,,318
2020-12-05,"20,225",362,388.4,105.6,33.6,177,4,3.57,0.97,31.9,,,,,,,,,,,,,,317
2020-12-06,"20,425",200,371.3,100.9,35.7,177,0,3.43,0.93,33.3,,,,,,,,,,,,,,316
2020-12-07,"20,602",177,352.3,95.8,38.1,182,5,3.86,1.05,30.2,1.03%,"9,532",46.27%,234,31.63%,"2,894",,9,,,"17,526",,,315
2020-12-08,"21,036",434,347.7,94.5,39.5,194,12,5.14,1.40,23.6,1.07%,"9,659",45.92%,127,32.29%,"2,960",66,9,,,"17,882",356,,314
2020-12-09,"21,440",404,338.7,92.1,41.4,200,6,5.57,1.51,22.4,1.09%,"9,735",45.41%,76,28.17%,"3,088",128,9,,,"18,152",270,,313
2020-12-10,"21,753",313,321.7,87.5,44.4,202,2,5.43,1.48,23.3,1.09%,"9,858",45.32%,123,28.64%,"3,144",56,9,,,"18,407",255,,312
2020-12-11,"22,108",355,320.7,87.2,45.3,205,3,4.57,1.24,28.6,1.10%,"9,973",45.11%,115,30.07%,"3,398",254,10,,,"18,505",98,,311
2020-12-12,"22,418",310,313.3,85.2,47.1,212,7,5.00,1.36,26.9,,,,,,,,,,,,,,310
2020-12-13,"22,633",215,315.4,85.8,47.3,212,0,5.00,1.36,26.9,,,,,,,,,,,,,,309
2020-12-14,"23,000",367,342.6,93.1,44.1,221,9,5.57,1.51,25.0,1.13%,"10,377",45.12%,404,35.24%,"3,474",,11,,,"19,305",,,308
2020-12-15,"23,510",510,353.4,96.1,43.6,223,2,4.14,1.13,34.8,1.12%,"10,559",44.91%,182,36.38%,"3,576",102,11,,,"19,711",406,,307
2020-12-16,"24,010",500,367.1,99.8,42.9,223,0,3.29,0.89,44.6,1.10%,"10,742",44.74%,183,39.18%,"3,681",105,11,,,"20,106",395,,306
2020-12-17,"24,511",501,394.0,107.1,40.6,229,6,3.86,1.05,38.7,1.11%,"10,903",44.48%,161,37.89%,"3,859",178,10,,,"20,423",317,,305
2020-12-18,"24,816",305,386.9,105.2,42.0,232,3,3.86,1.05,39.2,1.11%,"11,022",44.41%,119,38.74%,"3,838",-21,11,,,"20,746",323,,304
2020-12-19,"25,108",292,384.3,104.5,42.8,233,1,3.00,0.82,51.4,,,,,,,,,,,,,,303
2020-12-20,"25,281",173,378.3,102.8,43.9,235,2,3.29,0.89,47.1,,,,,,,,,,,,,,302
2020-12-21,"25,644",363,377.7,102.7,44.6,241,6,2.86,0.78,56.0,1.11%,"11,265",43.93%,243,33.59%,"3,860",,11,,,"21,543",,,301
2020-12-22,"26,163",519,379.0,103.0,45.4,247,6,3.43,0.93,47.5,1.11%,"11,457",43.79%,192,33.85%,"3,927",67,11,,,"21,989",446,,300
2020-12-23,"26,718",555,386.9,105.2,45.4,251,4,4.00,1.09,41.0,1.11%,"11,654",43.62%,197,33.68%,"4,051",124,10,,,"22,416",427,,299
2020-12-24,"26,718",0,315.3,85.7,56.3,251,0,3.14,0.85,52.9,,,,,,,,,,,,,,298
2020-12-25,"26,718",0,271.7,73.9,65.7,251,0,2.71,0.74,61.6,,,,,,,,,,,,,,297
2020-12-26,"27,159",441,293.0,79.7,61.8,253,2,2.86,0.78,58.9,,,,,,,,,,,,,,296
2020-12-27,"27,410",251,304.1,82.7,60.0,260,7,3.57,0.97,48.0,,,,,,,,,,,,,,295
2020-12-28,"27,793",383,307.0,83.5,60.3,261,1,2.86,0.78,60.9,1.07%,"12,077",43.45%,423,37.79%,"3,405",,12,,,"24,127",,,294
2020-12-29,"28,283",490,302.9,82.3,62.3,264,3,2.43,0.66,72.9,1.06%,"12,235",43.26%,158,36.70%,"3,490",85,12,,,"24,529",402,,293
2020-12-30,"28,930",647,316.0,85.9,61.0,269,5,2.57,0.70,70.1,1.07%,"12,393",42.84%,158,33.41%,"3,725",235,11,,,"24,936",407,,292
2020-12-31,"29,530",600,401.7,109.2,48.5,273,4,3.14,0.85,57.7,1.07%,"12,582",42.61%,189,33.00%,"3,903",178,11,,,"25,354",418,,291
2021-01-01,"29,530",0,401.7,109.2,48.5,273,0,3.14,0.85,57.7,,,,,,,,,,,,,,290
2021-01-02,"30,035",505,410.9,111.7,48.2,275,2,3.14,0.85,58.2,,,,,,,,,,,,,,289
2021-01-03,"30,333",298,417.6,113.5,47.9,275,0,2.14,0.58,86.5,,,,,,,,,,,,,,288
2021-01-04,"30,810",477,431.0,117.2,47.1,282,7,3.00,0.82,62.7,1.05%,"12,967",42.09%,385,29.50%,"3,887",,10,,,"26,641",,,287
2021-01-05,"31,353",543,438.6,119.2,47.1,283,1,2.71,0.74,69.8,1.03%,"13,091",41.75%,124,27.88%,"3,929",42,9,,,"27,141",500,,286
2021-01-06,"31,878",525,421.1,114.5,50.0,286,3,2.43,0.66,79.2,1.03%,"13,223",41.48%,132,28.15%,"4,035",106,9,,,"27,557",416,,285
2021-01-07,"32,484",606,422.0,114.7,50.9,292,6,2.71,0.74,72.1,1.03%,"13,383",41.20%,160,27.12%,"4,233",198,10,,,"27,959",402,,284
2021-01-08,"33,139",655,515.6,140.2,42.1,299,7,3.71,1.01,53.3,1.05%,"13,463",40.63%,80,24.41%,"4,589",356,10,,,"28,251",292,,283
2021-01-09,"33,639",500,514.9,140.0,42.8,300,1,3.57,0.97,55.8,,,,,,,,,,,,,,282
2021-01-10,"33,829",190,499.4,135.8,44.5,302,2,3.86,1.05,51.8,,,,,,,,,,,,,,281
2021-01-11,"34,254",425,492.0,133.8,45.8,313,11,4.43,1.20,46.5,1.06%,"13,712",40.03%,249,21.63%,"4,717",,10,,,"29,224",,,280
2021-01-12,"34,744",490,484.4,131.7,47.2,319,6,5.14,1.40,40.5,1.06%,"13,858",39.89%,146,22.62%,"4,542",-175,10,,,"29,913",689,,279
2021-01-13,"35,100",356,460.3,125.1,50.4,322,3,5.14,1.40,40.9,1.05%,"13,975",39.81%,117,23.34%,"4,337",-205,10,,,"30,441",528,,278
2021-01-14,"35,328",228,406.3,110.5,57.8,323,1,4.43,1.20,48.1,1.03%,"14,068",39.82%,93,24.09%,"4,116",-221,10,,,"30,889",448,,277
2021-01-15,"35,557",229,345.4,93.9,68.9,325,2,3.71,1.01,58.2,1.03%,"14,195",39.92%,127,30.27%,"3,954",-162,10,,,"31,278",389,,276
2021-01-16,"35,708",151,295.6,80.4,81.3,325,0,3.57,0.97,60.6,,,,,,,,,,,,,,275
2021-01-17,"35,891",183,294.6,80.1,82.0,326,1,3.43,0.93,63.4,,,,,,,,,,,,,,274
2021-01-18,"35,891",0,233.9,63.6,103.9,326,0,1.86,0.50,119.2,,,,,,,,,,,,,,273
2021-01-19,"36,233",342,212.7,57.8,115.6,330,4,1.57,0.43,143.1,1.00%,"14,406",39.76%,211,36.80%,"3,279",,12,,,"32,624",,,272
2021-01-20,"36,447",214,192.4,52.3,128.8,332,2,1.43,0.39,158.6,1.00%,"14,501",39.79%,95,39.05%,"3,096",-183,12,,,"33,019",395,,271
2021-01-21,"36,652",205,189.1,51.4,131.9,337,5,2.00,0.54,114.4,1.00%,"14,607",39.85%,106,40.71%,"2,866",-230,12,,,"33,449",430,,270
2021-01-22,"36,834",182,182.4,49.6,137.5,337,0,1.71,0.47,133.8,0.99%,"14,701",39.91%,94,39.62%,"2,700",-166,12,,,"33,797",348,,269
2021-01-23,"36,889",55,168.7,45.9,149.1,337,0,1.71,0.47,133.8,,,,,,,,,,,,,,268
2021-01-24,"36,978",89,155.3,42.2,162.6,337,0,1.57,0.43,146.2,,,,,,,,,,,,,,267
2021-01-25,"37,159",181,181.1,49.2,139.7,349,12,3.29,0.89,71.2,1.00%,"14,837",39.93%,136,50.63%,"2,290",,13,,,"34,520",,,266
2021-01-26,"37,361",202,161.1,43.8,158.3,353,4,3.29,0.89,72.0,1.01%,"14,958",40.04%,121,48.94%,"2,467",177,14,,,"34,541",21,,265
2021-01-27,"37,538",177,155.9,42.4,164.5,355,2,3.29,0.89,72.4,1.00%,"15,045",40.08%,87,49.86%,"2,088",-379,13,,,"35,095",554,,264
2021-01-28,"37,680",142,146.9,39.9,175.4,358,3,3.00,0.82,80.3,1.00%,"15,136",40.17%,91,51.46%,"2,012",-76,13,,,"35,310",215,,263
2021-01-29,"37,816",136,140.3,38.1,184.4,358,0,3.00,0.82,80.3,1.00%,"15,202",40.20%,66,51.02%,"1,933",-79,13,,,"35,525",215,,262
2021-01-30,"37,900",84,144.4,39.3,179.5,358,0,3.00,0.82,80.3,,,,,,,,,,,,,,261
2021-01-31,"37,986",86,144.0,39.2,180.4,362,4,3.57,0.97,67.8,,,,,,,,,,,,,,260
2021-02-01,"38,100",114,134.4,36.5,194.0,369,7,2.86,0.78,87.1,1.02%,"15,284",40.12%,82,47.50%,"1,752",,13,,,"35,979",,,259
2021-02-02,"38,251",151,127.1,34.6,206.1,377,8,3.43,0.93,73.8,1.03%,"15,348",40.12%,64,43.82%,"1,712",-40,13,,,"36,162",183,,258
2021-02-03,"38,362",111,117.7,32.0,223.5,384,7,4.14,1.13,61.8,1.05%,"15,384",40.10%,36,41.14%,"1,660",-52,13,,,"36,318",156,,257
2021-02-04,"38,531",169,121.6,33.1,217.3,394,10,5.14,1.40,50.6,1.07%,"15,421",40.02%,37,33.49%,"1,646",-14,13,,,"36,491",173,,256
2021-02-05,"38,651",120,119.3,32.4,222.2,404,10,6.57,1.79,40.1,1.09%,"15,463",40.01%,42,31.26%,"1,750",104,13,,,"36,497",6,,255
2021-02-06,"38,745",94,120.7,32.8,220.0,405,1,6.71,1.83,39.3,,,,,,,,,,,,,,254
2021-02-07,"38,822",77,119.4,32.5,222.9,410,5,6.86,1.86,39.0,,,,,,,,,,,,,,253
2021-02-08,"38,907",85,115.3,31.3,231.5,415,5,6.57,1.79,41.3,1.11%,"15,557",39.99%,94,33.83%,"1,506",,13,,,"36,986",,,252
2021-02-09,"38,994",87,106.1,28.9,252.2,418,3,5.86,1.59,47.0,1.11%,"15,611",40.03%,54,35.40%,"1,424",-82,13,,,"37,152",166,,251
2021-02-10,"39,129",135,109.6,29.8,245.1,422,4,5.43,1.48,51.4,1.12%,"15,657",40.01%,46,35.59%,"1,561",137,14,,,"37,146",-6,,250
2021-02-11,"39,209",80,96.9,26.3,278.2,427,5,4.71,1.28,60.3,1.14%,"15,679",39.99%,22,38.05%,"1,647",86,15,,,"37,135",-11,,249
2021-02-12,"39,319",110,95.4,25.9,283.2,430,3,3.71,1.01,77.8,1.13%,"15,703",39.94%,24,35.93%,"1,417",-230,13,,,"37,472",337,,248
2021-02-13,"39,365",46,88.6,24.1,305.6,430,0,3.57,0.97,81.0,,,,,,,,,,,,,,247
2021-02-14,"39,412",47,84.3,22.9,321.7,430,0,2.86,0.78,101.9,,,,,,,,,,,,,,246
2021-02-15,"39,504",92,85.3,23.2,318.6,434,4,2.71,0.74,108.4,1.14%,"15,757",39.89%,54,33.50%,"1,275",,14,,,"37,795",,,245
2021-02-16,"39,581",77,83.9,22.8,324.7,435,1,2.43,0.66,121.7,1.13%,"15,773",39.85%,16,27.60%,"1,208",-67,13,,,"37,938",143,,244
2021-02-17,"39,643",62,73.4,20.0,371.8,437,2,2.14,0.58,138.9,1.14%,"15,794",39.84%,21,26.65%,"1,159",-49,14,,,"38,047",109,,243
2021-02-18,"39,756",113,78.1,21.2,350.2,442,5,2.14,0.58,140.5,1.15%,"15,820",39.79%,26,25.78%,"1,177",18,14,,,"38,137",90,,242
2021-02-19,"39,878",122,79.9,21.7,343.7,442,0,1.71,0.47,176.3,1.14%,"15,843",39.73%,23,25.04%,"1,204",27,14,,,"38,232",95,,241
2021-02-20,"39,936",58,81.6,22.2,336.9,442,0,1.71,0.47,176.3,,,,,,,,,,,,,,240
2021-02-21,"40,036",100,89.1,24.2,308.9,445,3,2.14,0.58,141.5,,,,,,,,,,,,,,239
2021-02-22,"40,118",82,87.7,23.8,314.6,449,4,2.14,0.58,142.8,1.15%,"15,902",39.64%,59,23.62%,"1,170",,14,,,"38,499",,,238
2021-02-23,"40,224",106,91.9,25.0,301.1,450,1,2.14,0.58,143.1,1.15%,"15,949",39.65%,47,27.37%,"1,166",-4,14,,,"38,608",109,,237
2021-02-24,"40,314",90,95.9,26.1,289.1,456,6,2.71,0.74,114.0,1.16%,"15,973",39.62%,24,26.68%,"1,153",-13,14,,,"38,705",97,,236
2021-02-25,"40,381",67,89.3,24.3,311.1,458,2,2.29,0.62,136.4,1.17%,"15,997",39.62%,24,28.32%,"1,112",-41,14,,,"38,811",106,,235
2021-02-26,"40,492",111,87.7,23.8,317.5,462,4,2.86,0.78,109.6,1.17%,"16,029",39.59%,32,30.29%,"1,127",15,13,,,"38,903",92,,234
2021-02-27,"40,545",53,87.0,23.7,320.6,462,0,2.86,0.78,109.6,,,,,,,,,,,,,,233
2021-02-28,"40,601",56,80.7,21.9,346.2,462,0,2.43,0.66,129.4,,,,,,,,,,,,,,232
2021-03-01,"40,658",57,77.1,21.0,362.9,464,2,2.14,0.58,147.7,1.17%,"16,079",39.55%,50,32.78%,"1,051",,13,,,"39,143",,,231
2021-03-02,"40,707",49,69.0,18.8,406.5,465,1,2.14,0.58,148.0,1.17%,"16,093",39.53%,14,29.81%,989,-62,13,,,"39,253",110,,230
2021-03-03,"40,791",84,68.1,18.5,412.5,465,0,1.29,0.35,248.3,1.17%,"16,104",39.48%,11,27.46%,991,2,13,,,"39,335",82,,229
2021-03-04,"40,843",52,66.0,17.9,426.5,466,1,1.14,0.31,280.2,1.17%,"16,110",39.44%,6,24.46%,913,-78,13,,,"39,464",129,,228
2021-03-05,"40,920",77,61.1,16.6,461.5,466,0,0.57,0.16,562.8,1.16%,"16,147",39.46%,37,27.57%,893,-20,13,,,"39,561",97,,227
2021-03-06,"40,974",54,61.3,16.7,461.0,466,0,0.57,0.16,562.8,,,,,,,,,,,,,,226
2021-03-07,"41,020",46,59.9,16.3,472.6,466,0,0.57,0.16,562.8,,,,,,,,,,,,,,225
2021-03-08,"41,078",58,60.0,16.3,472.1,463,-3,-0.14,-0.04,"-2,248.9",1.15%,"16,186",39.40%,39,25.48%,791,,13,,,"39,824",,,224
2021-03-09,"41,167",89,65.7,17.9,431.8,463,0,-0.29,-0.08,"-1,125.7",1.15%,"16,223",39.41%,37,28.26%,783,-8,12,,,"39,921",97,,223
2021-03-10,"41,237",70,63.7,17.3,446.2,463,0,-0.29,-0.08,"-1,125.7",1.14%,"16,247",39.40%,24,32.06%,789,6,13,,,"39,985",64,,222
2021-03-11,"41,303",66,65.7,17.9,433.2,464,1,-0.29,-0.08,"-1,128.1",1.15%,"16,273",39.40%,26,35.43%,785,-4,13,,,"40,054",69,,221
2021-03-12,"41,404",101,69.1,18.8,412.6,465,1,-0.14,-0.04,"-2,258.6",1.15%,"16,319",39.41%,46,35.54%,809,24,13,,,"40,130",76,,220
2021-03-13,"41,502",98,75.4,20.5,378.9,465,0,-0.14,-0.04,"-2,258.6",,,,,,,,,,,,,,219
2021-03-14,"41,518",16,71.1,19.3,402.1,465,0,-0.14,-0.04,"-2,258.6",,,,,,,,,,,,,,218
2021-03-15,"41,588",70,72.9,19.8,393.2,466,1,0.43,0.12,751.3,1.14%,"16,362",39.34%,43,34.51%,836,,13,,,"40,286",,,217
2021-03-16,"41,650",62,69.0,18.8,416.0,466,0,0.43,0.12,751.3,1.14%,"16,388",39.35%,26,34.16%,834,-2,13,,,"40,350",64,,216
2021-03-17,"41,727",77,70.0,19.0,410.8,466,0,0.43,0.12,751.3,1.14%,"16,420",39.35%,32,35.31%,848,14,13,,,"40,413",63,,215
2021-03-18,"41,752",25,64.1,17.4,448.8,468,2,0.57,0.16,565.3,1.14%,"16,428",39.35%,8,34.52%,805,-43,13,,,"40,479",66,,214
2021-03-19,"41,878",126,67.7,18.4,426.2,469,1,0.57,0.16,566.5,1.14%,"16,461",39.31%,33,29.96%,847,42,12,,,"40,562",83,,213
2021-03-20,"41,954",76,64.6,17.6,447.9,469,0,0.57,0.16,566.5,,,,,,,,,,,,,,212
2021-03-21,"41,991",37,67.6,18.4,428.3,469,0,0.57,0.16,566.5,,,,,,,,,,,,,,211
2021-03-22,"42,040",49,64.6,17.6,448.9,470,1,0.57,0.16,567.7,1.14%,"16,511",39.27%,50,32.96%,835,,13,,,"40,735",,,210
2021-03-23,"42,143",103,70.4,19.1,412.3,472,2,0.86,0.23,379.3,1.14%,"16,551",39.27%,40,33.06%,846,11,12,,,"40,852",117,,209
2021-03-24,"42,192",49,66.4,18.1,437.8,472,0,0.86,0.23,379.3,1.14%,"16,569",39.27%,18,32.04%,829,-17,13,,,"40,891",39,,208
2021-03-25,"42,273",81,74.4,20.2,391.3,472,0,0.57,0.16,570.1,1.14%,"16,595",39.26%,26,32.05%,830,1,13,,,"40,971",80,,207
2021-03-26,"42,332",59,64.9,17.6,450.0,473,1,0.57,0.16,571.3,1.14%,"16,616",39.25%,21,34.14%,826,-4,13,,,"41,033",62,,206
2021-03-27,"42,361",29,58.1,15.8,502.6,473,0,0.57,0.16,571.3,,,,,,,,,,,,,,205
2021-03-28,"42,405",44,59.1,16.1,494.6,473,0,0.57,0.16,571.3,,,,,,,,,,,,,,204
2021-03-29,"42,453",48,59.0,16.0,496.3,475,2,0.71,0.19,458.5,1.14%,"16,657",39.24%,41,35.35%,763,,13,,,"41,215",,,203
2021-03-30,"42,519",66,53.7,14.6,546.2,476,1,0.57,0.16,575.0,1.14%,"16,676",39.22%,19,33.24%,751,-12,12,,,"41,292",77,,202
2021-03-31,"42,572",53,54.3,14.8,541.2,477,1,0.71,0.19,460.5,1.14%,"16,704",39.24%,28,35.53%,736,-15,13,,,"41,359",67,,201
2021-04-01,"42,645",73,53.1,14.4,553.8,478,1,0.86,0.23,384.1,1.14%,"16,730",39.23%,26,36.29%,734,-2,13,,,"41,433",74,,200
2021-04-02,"42,682",37,50.0,13.6,589.3,478,0,0.71,0.19,461.4,,,,,,,,,,,,,,199
2021-04-03,"42,718",36,51.0,13.9,578.2,478,0,0.71,0.19,461.4,,,,,,,,,,,,,,198
2021-04-04,"42,756",38,50.1,13.6,588.6,478,0,0.71,0.19,461.4,,,,,,,,,,,,,,197
2021-04-05,"42,805",49,50.3,13.7,587.6,479,1,0.57,0.16,578.6,1.14%,"16,769",39.18%,39,31.82%,645,,13,,,"41,681",,,196
2021-04-06,"42,840",35,45.9,12.5,645.1,480,1,0.57,0.16,579.8,1.14%,"16,777",39.16%,8,31.46%,606,-39,13,,,"41,754",73,,195
2021-04-07,"42,895",55,46.1,12.5,641.9,480,0,0.43,0.12,773.9,1.14%,"16,787",39.14%,10,25.70%,606,0,13,,,"41,809",55,,194
2021-04-08,"42,974",79,47.0,12.8,631.3,480,0,0.29,0.08,"1,162.1",1.13%,"16,808",39.11%,21,23.71%,636,30,13,,,"41,858",49,,193
2021-04-09,"43,042",68,51.4,14.0,577.7,480,0,0.29,0.08,"1,162.1",1.13%,"16,828",39.10%,20,27.22%,663,27,13,,,"41,889",31,,192
2021-04-10,"43,100",58,54.6,14.8,545.0,480,0,0.29,0.08,"1,162.1",,,,,,,,,,,,,,191
2021-04-11,"43,147",47,55.9,15.2,533.0,480,0,0.29,0.08,"1,162.1",,,,,,,,,,,,,,190
2021-04-12,"43,187",40,54.6,14.8,546.1,480,0,0.14,0.04,"2,326.5",1.13%,"16,877",39.08%,49,28.27%,668,,13,,,"42,039",,,189
2021-04-13,"43,253",66,59.0,16.0,505.7,480,0,0.00,0.00,,1.13%,"16,899",39.07%,22,29.54%,733,65,14,,,"42,040",1,,188
2021-04-14,"43,317",64,60.3,16.4,495.6,480,0,0.00,0.00,,1.13%,"16,911",39.04%,12,29.38%,674,-59,14,,,"42,163",123,,187
2021-04-15,"43,380",63,58.0,15.8,516.0,480,0,0.00,0.00,,1.12%,"16,937",39.04%,26,31.77%,687,13,13,,,"42,213",50,,186
2021-04-16,"43,495",115,64.7,17.6,463.4,483,3,0.43,0.12,778.7,1.13%,"16,995",39.07%,58,36.87%,728,41,12,,,"42,284",71,,185
2021-04-17,"43,559",64,65.6,17.8,458.0,483,0,0.43,0.12,778.7,,,,,,,,,,,,,,184
2021-04-18,"43,596",37,64.1,17.4,468.7,483,0,0.43,0.12,778.7,,,,,,,,,,,,,,183
2021-04-19,"43,628",32,63.0,17.1,477.6,484,1,0.57,0.16,584.7,1.13%,"17,017",39.00%,22,31.75%,742,,13,,,"42,402",,,182
2021-04-20,"43,667",39,59.1,16.1,509.3,486,2,0.86,0.23,390.6,1.13%,"17,036",39.01%,19,33.09%,699,-43,13,,,"42,482",80,,181
2021-04-21,"43,719",52,57.4,15.6,525.2,488,2,1.14,0.31,293.5,1.13%,"17,054",39.01%,18,35.57%,696,-3,13,,,"42,535",53,,180
2021-04-22,"43,784",65,57.7,15.7,523.4,488,0,1.14,0.31,293.5,1.13%,"17,064",38.97%,10,31.44%,697,1,13,,,"42,599",64,,179
2021-04-23,"43,850",66,50.7,13.8,596.9,489,1,0.86,0.23,393.0,1.13%,"17,079",38.95%,15,23.66%,698,1,12,,,"42,663",64,,178
2021-04-24,"43,880",30,45.9,12.5,660.8,489,0,0.86,0.23,393.0,,,,,,,,,,,,,,177
2021-04-25,"43,920",40,46.3,12.6,655.3,489,0,0.86,0.23,393.0,,,,,,,,,,,,,,176
2021-04-26,"43,956",36,46.9,12.7,647.8,491,2,1.00,0.27,337.9,1.13%,"17,109",38.92%,30,28.05%,657,,13,,,"42,808",,,175
2021-04-27,"44,006",50,48.4,13.2,627.4,491,0,0.71,0.19,474.0,1.13%,"17,125",38.92%,16,26.25%,638,-19,13,,,"42,877",69,,174
2021-04-28,"44,066",60,49.6,13.5,613.7,491,0,0.43,0.12,791.7,1.13%,"17,148",38.91%,23,27.09%,630,-8,13,,,"42,945",68,,173
2021-04-29,"44,126",60,48.9,13.3,623.6,491,0,0.43,0.12,791.7,1.13%,"17,169",38.91%,21,30.70%,614,-16,13,,,"43,021",76,,172
2021-04-30,"44,183",57,47.6,12.9,641.3,491,0,0.29,0.08,"1,188.7",1.13%,"17,187",38.90%,18,32.43%,617,3,13,,,"43,075",54,,171
2021-05-01,"44,226",43,49.4,13.4,617.8,491,0,0.29,0.08,"1,188.7",,,,,,,,,,,,,,170
2021-05-02,"44,237",11,45.3,12.3,674.7,491,0,0.29,0.08,"1,188.7",,,,,,,,,,,,,,169
2021-05-03,"44,272",35,45.1,12.3,677.3,491,0,0.00,0.00,,1.12%,"17,215",38.88%,28,33.54%,590,,13,,,"43,191",,,168
2021-05-04,"44,306",34,42.9,11.7,714.2,491,0,0.00,0.00,,1.12%,"17,223",38.87%,8,32.67%,549,-41,13,,,"43,266",75,,167
2021-05-05,"44,383",77,45.3,12.3,676.9,493,2,0.29,0.08,"1,193.6",1.13%,"17,254",38.88%,31,33.44%,574,25,13,,,"43,316",50,,166
2021-05-06,"44,429",46,43.3,11.8,709.0,494,1,0.43,0.12,796.5,1.13%,"17,273",38.88%,19,34.32%,572,-2,13,,,"43,363",47,,165
2021-05-07,"44,468",39,40.7,11.1,754.6,494,0,0.43,0.12,796.5,1.12%,"17,279",38.86%,6,32.28%,556,-16,15,,,"43,318",-45,,164
2021-05-08,"44,501",33,39.3,10.7,782.7,494,0,0.43,0.12,796.5,,,,,,,,,,,,,,163
2021-05-09,"44,538",37,43.0,11.7,715.5,494,0,0.43,0.12,796.5,,,,,,,,,,,,,,162
2021-05-10,"44,583",45,44.4,12.1,693.1,495,1,0.57,0.16,598.0,1.12%,"17,321",38.85%,42,34.08%,560,,13,,,"43,528",,,161
2021-05-11,"44,618",35,44.6,12.1,691.4,495,0,0.57,0.16,598.0,1.12%,"17,341",38.87%,20,37.82%,542,-18,13,,,"43,581",53,,160
2021-05-12,"44,677",59,42.0,11.4,734.9,496,1,0.43,0.12,799.8,1.12%,"17,348",38.83%,7,31.97%,530,-12,13,,,"43,651",70,,159
2021-05-13,"44,708",31,39.9,10.8,775.1,496,0,0.29,0.08,"1,200.9",1.12%,"17,358",38.83%,10,30.47%,507,-23,13,,,"43,705",54,,158
2021-05-14,"44,733",25,37.9,10.3,816.6,496,0,0.29,0.08,"1,200.9",1.12%,"17,367",38.82%,9,33.21%,481,-26,12,,,"43,756",51,,157
2021-05-15,"44,774",41,39.0,10.6,793.3,496,0,0.29,0.08,"1,200.9",,,,,,,,,,,,,,156
2021-05-16,"44,787",13,35.6,9.7,870.3,496,0,0.29,0.08,"1,200.9",,,,,,,,,,,,,,155
2021-05-17,"44,814",27,33.0,9.0,938.9,496,0,0.14,0.04,"2,404.2",1.12%,"17,381",38.78%,14,25.97%,483,,13,,,"43,835",,,154
2021-05-18,"44,845",31,32.4,8.8,956.1,496,0,0.14,0.04,"2,404.2",1.12%,"17,391",38.78%,10,22.03%,453,-30,13,,,"43,896",61,,153
2021-05-19,"44,879",34,28.9,7.8,1075.6,497,1,0.14,0.04,"2,409.0",1.12%,"17,400",38.77%,9,25.74%,446,-7,13,,,"43,936",40,,152
2021-05-20,"44,907",28,28.4,7.7,1092.5,498,1,0.29,0.08,"1,205.7",1.12%,"17,409",38.77%,9,25.63%,400,-46,12,,,"44,009",73,,151
2021-05-21,"44,951",44,31.1,8.5,998.0,498,0,0.29,0.08,"1,205.7",1.12%,"17,421",38.76%,12,24.77%,410,10,12,,,"44,043",34,,150
2021-05-22,"44,975",24,28.7,7.8,1083.2,498,0,0.29,0.08,"1,205.7",,,,,,,,,,,,,,149
2021-05-23,"44,975",0,26.9,7.3,1158.3,498,0,0.29,0.08,"1,205.7",,,,,,,,,,,,,,148
2021-05-24,"45,004",29,27.1,7.4,1146.8,499,1,0.43,0.12,804.6,1.12%,"17,439",38.75%,18,30.53%,366,,13,,,"44,139",,,147
2021-05-25,"45,044",40,28.4,7.7,1095.8,499,0,0.43,0.12,804.6,1.12%,"17,451",38.74%,12,30.15%,356,-10,13,,,"44,189",50,,146
2021-05-26,"45,071",27,27.4,7.5,1136.6,499,0,0.29,0.08,"1,208.2",1.12%,"17,467",38.75%,16,34.90%,351,-5,13,,,"44,221",32,,145
2021-05-27,"45,099",28,27.4,7.5,1137.3,499,0,0.14,0.04,"2,418.7",1.12%,"17,476",38.75%,9,34.90%,351,0,13,,,"44,249",28,,144
2021-05-28,"45,116",17,23.6,6.4,1324.3,499,0,0.14,0.04,"2,418.7",1.11%,"17,483",38.75%,7,37.58%,336,-15,13,,,"44,281",32,,143
2021-05-29,"45,120",4,20.7,5.6,1507.4,499,0,0.14,0.04,"2,418.7",,,,,,,,,,,,,,142
2021-05-30,"45,120",0,20.7,5.6,1507.4,499,0,0.14,0.04,"2,418.7",,,,,,,,,,,,,,141
2021-05-31,"45,120",0,16.6,4.5,1884.8,499,0,0.00,0.00,,,,,,,,,,,,,,,140
2021-06-01,"45,170",50,18.0,4.9,1737.0,501,2,0.29,0.08,"1,213.0",1.12%,"17,500",38.74%,17,38.89%,286,,13,,,"44,383",,,139
2021-06-02,"45,197",27,18.0,4.9,1738.0,501,0,0.29,0.08,"1,213.0",1.12%,"17,504",38.73%,4,29.37%,290,4,13,,,"44,406",23,,138
2021-06-03,"45,206",9,15.3,4.2,2047.5,502,1,0.43,0.12,809.5,1.12%,"17,511",38.74%,7,32.71%,270,-20,14,,,"44,434",28,,137
2021-06-04,"45,222",16,15.1,4.1,2067.6,503,1,0.57,0.16,607.7,1.12%,"17,516",38.73%,5,31.13%,256,-14,14,,,"44,463",29,,136
2021-06-05,"45,234",12,16.3,4.4,1922.8,503,0,0.57,0.16,607.7,,,,,,,,,,,,,,135
2021-06-06,"45,234",0,16.3,4.4,1922.8,503,0,0.57,0.16,607.7,,,,,,,,,,,,,,134
2021-06-07,"45,249",15,18.4,5.0,1699.5,504,1,0.71,0.19,486.7,1.12%,"17,525",38.73%,9,32.56%,227,,14,,,"44,518",,,133
2021-06-08,"45,256",7,12.3,3.3,2550.9,504,0,0.43,0.12,812.7,1.12%,"17,531",38.74%,6,36.05%,201,-26,14,,,"44,551",33,,132
2021-06-09,"45,267",11,10.0,2.7,3135.2,504,0,0.43,0.12,812.7,1.12%,"17,533",38.73%,2,41.43%,188,-13,14,,,"44,575",24,,131
2021-06-10,"45,272",5,9.4,2.6,3325.8,504,0,0.29,0.08,"1,220.3",1.12%,"17,535",38.73%,2,36.36%,170,-18,14,,,"44,598",23,,130
2021-06-11,"45,287",15,9.3,2.5,3378.1,504,0,0.14,0.04,"2,443.0",1.12%,"17,539",38.73%,4,35.38%,164,-6,11,,,"44,619",21,,129
2021-06-12,"45,292",5,8.3,2.3,3786.5,504,0,0.14,0.04,"2,443.0",,,,,,,,,,,,,,128
2021-06-13,"45,292",0,8.3,2.3,3786.5,504,0,0.14,0.04,"2,443.0",,,,,,,,,,,,,,127
2021-06-14,"45,306",14,8.1,2.2,3854.2,505,1,0.14,0.04,"2,447.8",1.12%,"17,546",38.73%,7,36.84%,139,,14,,,"44,662",,,126
2021-06-15,"45,316",10,8.6,2.3,3662.2,505,0,0.14,0.04,"2,447.8",1.12%,"17,550",38.73%,4,31.67%,140,1,14,,,"44,671",9,,125
2021-06-16,"45,338",22,10.1,2.8,3095.9,505,0,0.14,0.04,"2,447.8",1.12%,"17,559",38.73%,9,36.62%,138,-2,14,,,"44,695",24,,124
2021-06-17,"45,348",10,10.9,3.0,2892.7,506,1,0.29,0.08,"1,225.1",1.12%,"17,571",38.75%,12,47.37%,135,-3,14,,,"44,707",12,,123
2021-06-18,"45,364",16,11.0,3.0,2856.1,506,0,0.29,0.08,"1,225.1",1.12%,"17,577",38.75%,6,49.35%,137,2,14,,,"44,721",14,,122
2021-06-19,"45,371",7,11.3,3.1,2784.2,506,0,0.29,0.08,"1,225.1",,,,,,,,,,,,,,121
2021-06-20,"45,371",0,11.3,3.1,2784.2,506,0,0.29,0.08,"1,225.1",,,,,,,,,,,,,,120
2021-06-21,"45,375",4,9.9,2.7,3188.3,506,0,0.14,0.04,"2,452.7",1.12%,"17,581",38.75%,4,50.72%,125,,14,,,"44,744",,,119
2021-06-22,"45,390",15,10.6,2.9,2973.7,506,0,0.14,0.04,"2,452.7",1.12%,"17,592",38.76%,11,56.76%,134,9,14,,,"44,750",6,,118
2021-06-23,"45,404",14,9.4,2.6,3335.5,507,1,0.29,0.08,"1,227.6",1.12%,"17,602",38.77%,10,65.15%,140,6,15,,,"44,757",7,,117
2021-06-24,"45,413",9,9.3,2.5,3387.5,508,1,0.29,0.08,"1,230.0",1.12%,"17,609",38.78%,7,58.46%,130,-10,14,,,"44,775",18,,116
2021-06-25,"45,428",15,9.1,2.5,3441.6,508,0,0.29,0.08,"1,230.0",1.12%,"17,611",38.77%,2,53.13%,137,7,14,,,"44,783",8,,115
2021-06-26,"45,439",11,9.7,2.6,3239.8,508,0,0.29,0.08,"1,230.0",,,,,,,,,,,,,,114
2021-06-27,"45,439",0,9.7,2.6,3239.8,508,0,0.29,0.08,"1,230.0",,,,,,,,,,,,,,113
2021-06-28,"45,448",9,10.4,2.8,3018.3,508,0,0.29,0.08,"1,230.0",1.12%,"17,619",38.77%,8,52.05%,126,,13,,,"44,814",,,112
2021-06-29,"45,466",18,10.9,3.0,2900.2,508,0,0.29,0.08,"1,230.0",1.12%,"17,627",38.77%,8,46.05%,131,5,14,,,"44,827",13,,111
2021-06-30,"45,482",16,11.1,3.0,2826.8,508,0,0.14,0.04,"2,462.4",1.12%,"17,631",38.76%,4,37.18%,135,4,14,,,"44,839",12,,110
2021-07-01,"45,495",13,11.7,3.2,2689.6,508,0,0.00,0.00,,1.12%,"17,636",38.76%,5,32.93%,130,-5,13,,,"44,857",18,,109
2021-07-02,"45,509",14,11.6,3.1,2723.6,508,0,0.00,0.00,,1.12%,"17,642",38.77%,6,38.27%,138,8,12,,,"44,863",6,,108
2021-07-03,"45,525",16,12.3,3.3,2566.0,508,0,0.00,0.00,,,,,,,,,,,,,,,107
2021-07-04,"45,525",0,12.3,3.3,2566.0,508,0,0.00,0.00,,,,,,,,,,,,,,,106
2021-07-05,"45,525",0,11.0,3.0,2866.3,508,0,0.00,0.00,,,,,,,,,,,,,,,105
2021-07-06,"45,561",36,13.6,3.7,2324.6,509,1,0.14,0.04,"2,467.3",1.12%,"17,656",38.75%,14,30.53%,157,,13,,,"44,895",,,104
2021-07-07,"45,613",52,18.7,5.1,1687.0,509,0,0.14,0.04,"2,467.3",1.12%,"17,682",38.77%,26,38.93%,191,34,13,,,"44,913",18,,103
2021-07-08,"45,645",32,21.4,5.8,1474.0,509,0,0.14,0.04,"2,467.3",1.12%,"17,694",38.76%,12,38.67%,214,23,13,,,"44,922",9,,102
2021-07-09,"45,678",33,24.1,6.6,1309.0,509,0,0.14,0.04,"2,467.3",1.12%,"17,708",38.77%,14,39.05%,241,27,14,,,"44,928",6,,101
2021-07-10,"45,717",39,27.4,7.5,1152.9,509,0,0.14,0.04,"2,467.3",,,,,,,,,,,,,,100
2021-07-11,"45,717",0,27.4,7.5,1152.9,509,0,0.14,0.04,"2,467.3",,,,,,,,,,,,,,99
2021-07-12,"45,784",67,37.0,10.1,855.3,509,0,0.14,0.04,"2,467.3",1.12%,"17,741",38.75%,33,38.22%,314,,13,,,"44,961",,,98
2021-07-13,"45,840",56,39.9,10.8,794.8,510,1,0.14,0.04,"2,472.1",1.12%,"17,760",38.74%,19,37.28%,350,36,13,,,"44,980",19,,97
2021-07-14,"45,877",37,37.7,10.3,840.7,510,0,0.14,0.04,"2,472.1",1.12%,"17,772",38.74%,12,34.09%,370,20,13,,,"44,997",17,,96
2021-07-15,"45,917",40,38.9,10.6,816.7,510,0,0.14,0.04,"2,472.1",1.12%,"17,782",38.73%,10,32.35%,392,22,10,,,"45,015",18,,95
2021-07-16,"45,977",60,42.7,11.6,743.7,510,0,0.14,0.04,"2,472.1",1.12%,"17,808",38.73%,26,33.44%,430,38,11,,,"45,037",22,,94
2021-07-17,"46,015",38,42.6,11.6,746.8,510,0,0.14,0.04,"2,472.1",,,,,,,,,,,,,,93
2021-07-18,"46,015",0,42.6,11.6,746.8,510,0,0.14,0.04,"2,472.1",,,,,,,,,,,,,,92
2021-07-19,"46,083",68,42.7,11.6,745.4,510,0,0.14,0.04,"2,472.1",1.12%,"17,835",38.70%,27,31.44%,485,,13,,,"45,088",,,91
2021-07-20,"46,153",70,44.7,12.2,713.0,510,0,0.00,0.00,,1.12%,"17,872",38.72%,37,35.78%,513,28,13,,,"45,130",42,,90
2021-07-21,"46,206",53,47.0,12.8,679.0,510,0,0.00,0.00,,1.12%,"17,920",38.78%,48,44.98%,527,14,12,,,"45,169",39,,89
2021-07-22,"46,271",65,50.6,13.7,631.8,510,0,0.00,0.00,,1.12%,"17,946",38.78%,26,46.33%,554,27,11,,,"45,207",38,,88
2021-07-23,"46,391",120,59.1,16.1,541.3,511,1,0.14,0.04,"2,477.0",1.12%,"17,971",38.74%,25,39.37%,629,75,12,,,"45,251",44,,87
2021-07-24,"46,441",50,60.9,16.5,526.5,511,0,0.14,0.04,"2,477.0",,,,,,,,,,,,,,86
2021-07-25,"46,506",65,70.1,19.1,457.1,511,0,0.14,0.04,"2,477.0",,,,,,,,,,,,,,85
2021-07-26,"46,600",94,73.9,20.1,434.9,511,0,0.14,0.04,"2,477.0",1.11%,"18,027",38.68%,56,37.14%,728,,13,,,"45,361",,,84
2021-07-27,"46,722",122,81.3,22.1,396.0,514,3,0.57,0.16,621.1,1.12%,"18,063",38.66%,36,33.57%,796,68,12,,,"45,412",51,,83
2021-07-28,"46,863",141,93.9,25.5,343.7,514,0,0.57,0.16,621.1,1.12%,"18,114",38.65%,51,29.53%,897,101,13,,,"45,452",40,,82
2021-07-29,"47,051",188,111.4,30.3,290.3,515,1,0.71,0.19,497.3,1.12%,"18,150",38.58%,36,26.15%,"1,023",126,11,,,"45,513",61,,81
2021-07-30,"47,185",134,113.4,30.8,285.9,515,0,0.57,0.16,622.3,1.12%,"18,189",38.55%,39,27.46%,"1,104",81,12,,,"45,566",53,,80
2021-07-31,"47,332",147,127.3,34.6,255.3,515,0,0.57,0.16,622.3,,,,,,,,,,,,,,79
2021-08-01,"47,420",88,130.6,35.5,249.3,515,0,0.57,0.16,622.3,,,,,,,,,,,,,,78
2021-08-02,"47,555",135,136.4,37.1,239.2,515,0,0.57,0.16,622.3,1.11%,"18,266",38.41%,77,25.03%,"1,349",,12,,,"45,691",,,77
2021-08-03,"47,711",156,141.3,38.4,231.6,516,1,0.29,0.08,"1,249.4",1.11%,"18,327",38.41%,61,26.69%,"1,419",70,12,,,"45,776",85,,76
2021-08-04,"47,956",245,156.1,42.5,210.5,519,3,0.71,0.19,501.2,1.12%,"18,390",38.35%,63,25.25%,"1,592",173,13,,,"45,845",69,,75
2021-08-05,"48,188",232,162.4,44.2,203.2,520,1,0.71,0.19,502.2,1.12%,"18,452",38.29%,62,26.56%,"1,757",165,13,,,"45,911",66,,74
2021-08-06,"48,394",206,172.7,47.0,191.8,520,0,0.71,0.19,502.2,1.12%,"18,499",38.23%,47,25.64%,"1,861",104,12,,,"46,013",102,,73
2021-08-07,"48,581",187,178.4,48.5,186.3,520,0,0.71,0.19,502.2,,,,,,,,,,,,,,72
2021-08-08,"48,678",97,179.7,48.9,185.3,520,0,0.71,0.19,502.2,,,,,,,,,,,,,,71
2021-08-09,"48,824",146,181.3,49.3,184.2,522,2,1.00,0.27,359.4,1.12%,"18,594",38.08%,95,25.85%,"2,032",,13,,,"46,270",,,70
2021-08-10,"49,140",316,204.1,55.5,164.4,525,3,1.29,0.35,280.6,1.12%,"18,696",38.05%,102,25.82%,"2,188",156,13,,,"46,427",157,,69
2021-08-11,"49,445",305,212.7,57.8,158.7,525,0,0.86,0.23,422.1,1.11%,"18,758",37.94%,62,24.71%,"2,329",141,13,,,"46,591",164,,68
2021-08-12,"49,711",266,217.6,59.2,155.9,526,1,0.86,0.23,422.9,1.11%,"18,814",37.85%,56,23.77%,"2,419",90,13,,,"46,766",175,,67
2021-08-13,"49,961",250,223.9,60.9,152.3,529,3,1.29,0.35,282.8,1.11%,"18,865",37.76%,51,23.36%,"2,493",74,12,,,"46,939",173,,66
2021-08-14,"50,156",195,225.0,61.2,152.1,529,0,1.29,0.35,282.8,,,,,,,,,,,,,,65
2021-08-15,"50,301",145,231.9,63.0,147.9,529,0,1.29,0.35,282.8,,,,,,,,,,,,,,64
2021-08-16,"50,510",209,240.9,65.5,142.9,533,4,1.57,0.43,232.7,1.11%,"18,937",37.49%,72,20.34%,"2,602",,13,,,"47,375",,,63
2021-08-17,"50,731",221,227.3,61.8,152.3,533,0,1.14,0.31,320.8,1.11%,"19,015",37.48%,78,20.05%,"2,597",-5,13,,,"47,601",226,,62
2021-08-18,"50,995",264,221.4,60.2,157.2,537,4,1.71,0.47,214.7,1.11%,"19,084",37.42%,69,21.03%,"2,666",69,13,,,"47,792",191,,61
2021-08-19,"51,293",298,226.0,61.4,154.9,539,2,1.86,0.50,198.7,1.11%,"19,158",37.35%,74,21.74%,"2,770",104,13,,,"47,984",192,,60
2021-08-20,"51,523",230,223.1,60.7,157.6,541,2,1.71,0.47,216.3,1.11%,"19,205",37.27%,47,21.77%,"2,790",20,12,,,"48,192",208,,59
2021-08-21,"51,774",251,231.1,62.8,152.8,541,0,1.71,0.47,216.3,,,,,,,,,,,,,,58
2021-08-22,"52,056",282,250.7,68.2,141.5,541,0,1.71,0.47,216.3,,,,,,,,,,,,,,57
2021-08-23,"52,313",257,257.6,70.0,138.3,543,2,1.43,0.39,261.0,1.10%,"19,350",36.99%,145,22.91%,"3,059",,13,,,"48,711",,,56
2021-08-24,"52,644",331,273.3,74.3,131.1,545,2,1.71,0.47,217.9,1.10%,"19,418",36.89%,68,21.07%,"3,107",48,13,,,"48,992",281,,55
2021-08-25,"52,919",275,274.9,74.7,131.0,546,1,1.29,0.35,291.9,1.10%,"19,470",36.79%,52,20.06%,"3,109",2,13,,,"49,264",272,,54
2021-08-26,"53,154",235,265.9,72.3,136.1,548,2,1.29,0.35,293.0,1.09%,"19,518",36.72%,48,19.34%,"3,089",-20,13,,,"49,517",253,,53
2021-08-27,"53,576",422,293.3,79.7,124.2,551,3,1.43,0.39,264.9,1.10%,"19,577",36.54%,59,18.12%,"3,260",171,12,,,"49,765",248,,52
2021-08-28,"53,826",250,293.1,79.7,124.8,551,0,1.43,0.39,264.9,,,,,,,,,,,,,,51
2021-08-29,"53,987",161,275.9,75.0,133.2,551,0,1.43,0.39,264.9,,,,,,,,,,,,,,50
2021-08-30,"54,357",370,292.0,79.4,126.6,554,3,1.57,0.43,241.9,1.09%,"19,698",36.24%,121,17.03%,"3,417",,13,,,"50,386",,,49
2021-08-31,"54,814",457,310.0,84.3,120.1,555,1,1.43,0.39,266.9,1.08%,"19,778",36.08%,80,16.59%,"3,564",147,13,,,"50,695",309,,48
2021-09-01,"55,040",226,303.0,82.4,123.5,557,2,1.57,0.43,243.3,1.08%,"19,850",36.06%,72,17.92%,"3,506",-58,12,,,"50,977",282,,47
2021-09-02,"55,275",235,303.0,82.4,124.0,561,4,1.86,0.50,206.9,1.08%,"19,892",35.99%,42,17.63%,"3,470",-36,12,,,"51,244",267,,46
2021-09-03,"55,571",296,285.0,77.5,132.7,565,4,2.00,0.54,193.4,1.08%,"19,941",35.88%,49,18.25%,"3,481",11,12,,,"51,525",281,,45
2021-09-04,"55,907",336,297.3,80.8,127.9,565,0,2.00,0.54,193.4,,,,,,,,,,,,,,44
2021-09-05,"56,090",183,300.4,81.7,127.0,565,0,2.00,0.54,193.4,,,,,,,,,,,,,,43
2021-09-06,"56,090",0,247.6,67.3,154.6,565,0,1.57,0.43,246.8,,,,,,,,,,,,,,42
2021-09-07,"56,642",552,261.1,71.0,147.9,567,2,1.71,0.47,226.8,1.06%,"20,110",35.50%,169,18.16%,"3,397",,12,,,"52,678",,,41
2021-09-08,"57,267",625,318.1,86.5,122.3,573,6,2.29,0.62,171.3,1.07%,"20,205",35.28%,95,15.94%,"3,607",210,12,,,"53,087",409,,40
2021-09-09,"57,531",264,322.3,87.6,121.3,574,1,1.86,0.50,211.8,1.06%,"20,252",35.20%,47,15.96%,"3,485",-122,11,,,"53,472",385,,39
2021-09-10,"57,877",346,329.4,89.6,119.3,578,4,1.86,0.50,213.3,1.06%,"20,287",35.05%,35,15.00%,"3,461",-24,11,,,"53,838",366,,38
2021-09-11,"58,260",383,336.1,91.4,117.7,578,0,1.86,0.50,213.3,,,,,,,,,,,,,,37
2021-09-12,"58,299",39,315.6,85.8,125.6,578,0,1.86,0.50,213.3,,,,,,,,,,,,,,36
2021-09-13,"58,652",353,366.0,99.5,108.6,583,5,2.57,0.70,154.7,1.06%,"20,409",34.80%,122,18.27%,"3,477",,12,,,"54,592",,,35
2021-09-14,"59,036",384,342.0,93.0,117.2,586,3,2.71,0.74,147.2,1.05%,"20,506",34.73%,97,16.54%,"3,391",-86,11,,,"55,059",467,,34
2021-09-15,"59,310",274,291.9,79.4,138.4,589,3,2.29,0.62,176.2,1.05%,"20,590",34.72%,84,18.84%,"3,293",-98,11,,,"55,428",369,,33
2021-09-16,"59,555",245,289.1,78.6,140.3,594,5,2.86,0.78,141.7,1.05%,"20,648",34.67%,58,19.57%,"3,153",-140,10,,,"55,808",380,,32
2021-09-17,"59,841",286,280.6,76.3,145.4,597,3,2.71,0.74,150.0,1.05%,"20,698",34.59%,50,20.93%,"3,097",-56,10,,,"56,147",339,,31
2021-09-18,"59,988",147,246.9,67.1,166.0,597,0,2.71,0.74,150.0,,,,,,,,,,,,,,30
2021-09-19,"60,144",156,263.6,71.7,155.7,597,0,2.71,0.74,150.0,,,,,,,,,,,,,,29
2021-09-20,"60,221",77,224.1,60.9,183.8,603,6,2.86,0.78,143.8,1.05%,"20,765",34.48%,67,22.69%,"2,846",,12,,,"56,772",,,28
2021-09-21,"60,404",183,195.4,53.1,211.8,608,5,3.14,0.85,131.7,1.06%,"20,825",34.48%,60,23.32%,"2,848",2,12,,,"56,948",176,,27
2021-09-22,"60,576",172,180.9,49.2,229.7,610,2,3.00,0.82,138.5,1.05%,"20,878",34.47%,53,22.75%,"2,642",-206,12,,,"57,324",376,,26
2021-09-23,"60,750",174,170.7,46.4,244.2,611,1,2.43,0.66,172.0,1.05%,"20,909",34.42%,31,21.84%,"2,499",-143,13,,,"57,640",316,,25
2021-09-24,"60,893",143,150.3,40.9,278.4,613,2,2.29,0.62,183.5,1.05%,"20,940",34.39%,31,23.00%,"2,319",-180,12,,,"57,961",321,,24
2021-09-25,"61,004",111,145.1,39.5,288.9,613,0,2.29,0.62,183.5,,,,,,,,,,,,,,23
2021-09-26,"61,075",71,133.0,36.2,315.9,613,0,2.29,0.62,183.5,,,,,,,,,,,,,,22
2021-09-27,"61,210",135,141.3,38.4,297.9,617,4,2.00,0.54,211.4,1.04%,"20,997",34.30%,57,23.46%,"2,087",,13,,,"58,506",,,21
2021-09-28,"61,327",117,131.9,35.8,320.0,621,4,1.86,0.50,229.3,1.05%,"21,018",34.27%,21,20.91%,"1,913",-174,13,,,"58,793",287,,20
2021-09-29,"61,473",146,128.1,34.8,330.1,623,2,1.86,0.50,230.1,1.04%,"21,049",34.24%,31,19.06%,"1,798",-115,13,,,"59,052",259,,19
2021-09-30,"61,594",121,120.6,32.8,351.7,626,3,2.14,0.58,200.1,1.05%,"21,068",34.20%,19,18.84%,"1,736",-62,13,,,"59,232",180,,18
2021-10-01,"61,733",139,120.0,32.6,354.2,626,0,1.86,0.50,231.2,1.04%,"21,082",34.15%,14,16.90%,"1,679",-57,13,,,"59,428",196,,17
2021-10-02,"61,832",99,118.3,32.2,359.9,626,0,1.86,0.50,231.2,,,,,,,,,,,,,,16
2021-10-03,"61,894",62,117.0,31.8,364.2,626,0,1.86,0.50,231.2,,,,,,,,,,,,,,15
2021-10-04,"61,994",100,112.0,30.5,381.2,627,1,1.43,0.39,301.8,1.04%,"21,141",34.10%,59,18.37%,"1,571",,13,,,"59,796",,,14
2021-10-05,"62,152",158,117.9,32.0,363.1,629,2,1.14,0.31,379.1,1.04%,"21,194",34.10%,53,21.33%,"1,533",-38,13,,,"59,990",194,,13
2021-10-06,"62,276",124,114.7,31.2,373.9,629,0,0.86,0.23,506.2,1.03%,"21,237",34.10%,43,23.41%,"1,491",-42,13,,,"60,156",166,,12
2021-10-07,"62,393",117,114.1,31.0,376.5,630,1,0.57,0.16,761.8,1.03%,"21,282",34.11%,45,26.78%,"1,460",-31,13,,,"60,303",147,,11
2021-10-08,"62,500",107,109.6,29.8,392.9,631,1,0.71,0.19,609.9,1.03%,"21,296",34.07%,14,27.90%,"1,442",-18,13,,,"60,427",124,,10
2021-10-09,"62,577",77,106.4,28.9,405.1,631,0,0.71,0.19,609.9,,,,,,,,,,,,,,9
2021-10-10,"62,652",75,108.3,29.4,398.6,631,0,0.71,0.19,609.9,,,,,,,,,,,,,,8
2021-10-11,"62,738",86,106.3,28.9,406.7,633,2,0.86,0.23,509.5,1.03%,"21,336",34.01%,40,26.21%,"1,395",,13,,,"60,710",,,7
2021-10-12,"62,872",134,102.9,28.0,421.3,635,2,0.86,0.23,511.1,1.03%,"21,365",33.98%,29,23.75%,"1,367",-28,13,,,"60,870",160,,6
2021-10-13,"62,975",103,99.9,27.1,434.7,637,2,1.14,0.31,383.9,1.03%,"21,393",33.97%,28,22.32%,"1,343",-24,13,,,"60,995",125,,5
2021-10-14,"63,084",109,98.7,26.8,440.5,637,0,1.00,0.27,439.1,1.03%,"21,405",33.93%,12,17.80%,"1,327",-16,13,,,"61,120",125,,4
2021-10-15,"63,193",109,99.0,26.9,440.0,638,1,1.00,0.27,439.8,1.03%,"21,430",33.91%,25,19.34%,"1,350",23,13,,,"61,205",85,,3
2021-10-16,"63,258",65,97.3,26.5,448.3,638,0,1.00,0.27,439.8,,,,,,,,,,,,,,2
2021-10-17,"63,295",37,91.9,25.0,475.2,638,0,1.00,0.27,439.8,,,,,,,,,,,,,,1
2021-10-18,"63,358",63,88.6,24.1,493.4,642,4,1.29,0.35,343.7,1.03%,"21,474",33.89%,44,22.26%,"1,213",,14,,,"61,503",,,0